Year Month,State,Industry,Suspicious Activity,Product,Count,Type
2020,Alabama,Depository Institution,Against Financial Institution Customer(s),Deposit Account,133,Cyber Event
2020,Alabama,Depository Institution,Against Financial Institution(s),Deposit Account,4,Cyber Event
2020,Alabama,Depository Institution,Other Cyber Event,Deposit Account,31,Cyber Event
2020,Alabama,Depository Institution,[Total],Deposit Account,168,Cyber Event
2020,Alaska,Depository Institution,Against Financial Institution Customer(s),Deposit Account,11,Cyber Event
2020,Alaska,Depository Institution,Against Financial Institution(s),Deposit Account,5,Cyber Event
2020,Alaska,Depository Institution,Other Cyber Event,Deposit Account,2,Cyber Event
2020,Alaska,Depository Institution,[Total],Deposit Account,18,Cyber Event
2020,Arizona,Depository Institution,Against Financial Institution Customer(s),Deposit Account,134,Cyber Event
2020,Arizona,Depository Institution,Against Financial Institution(s),Deposit Account,20,Cyber Event
2020,Arizona,Depository Institution,Other Cyber Event,Deposit Account,20,Cyber Event
2020,Arizona,Depository Institution,[Total],Deposit Account,174,Cyber Event
2020,Arkansas,Depository Institution,Against Financial Institution Customer(s),Deposit Account,21,Cyber Event
2020,Arkansas,Depository Institution,Against Financial Institution(s),Deposit Account,1,Cyber Event
2020,Arkansas,Depository Institution,Other Cyber Event,Deposit Account,1,Cyber Event
2020,Arkansas,Depository Institution,[Total],Deposit Account,23,Cyber Event
2020,California,Depository Institution,Against Financial Institution Customer(s),Deposit Account,"5,367",Cyber Event
2020,California,Depository Institution,Against Financial Institution(s),Deposit Account,"1,149",Cyber Event
2020,California,Depository Institution,Other Cyber Event,Deposit Account,310,Cyber Event
2020,California,Depository Institution,[Total],Deposit Account,"6,826",Cyber Event
2020,Colorado,Depository Institution,Against Financial Institution Customer(s),Deposit Account,202,Cyber Event
2020,Colorado,Depository Institution,Against Financial Institution(s),Deposit Account,38,Cyber Event
2020,Colorado,Depository Institution,Other Cyber Event,Deposit Account,17,Cyber Event
2020,Colorado,Depository Institution,[Total],Deposit Account,257,Cyber Event
2020,Connecticut,Depository Institution,Against Financial Institution Customer(s),Deposit Account,37,Cyber Event
2020,Connecticut,Depository Institution,Against Financial Institution(s),Deposit Account,15,Cyber Event
2020,Connecticut,Depository Institution,Other Cyber Event,Deposit Account,8,Cyber Event
2020,Connecticut,Depository Institution,[Total],Deposit Account,60,Cyber Event
2020,Delaware,Depository Institution,Against Financial Institution Customer(s),Deposit Account,201,Cyber Event
2020,Delaware,Depository Institution,Against Financial Institution(s),Deposit Account,6,Cyber Event
2020,Delaware,Depository Institution,Other Cyber Event,Deposit Account,6,Cyber Event
2020,Delaware,Depository Institution,[Total],Deposit Account,213,Cyber Event
2020,District of Columbia,Depository Institution,Against Financial Institution Customer(s),Deposit Account,45,Cyber Event
2020,District of Columbia,Depository Institution,Other Cyber Event,Deposit Account,13,Cyber Event
2020,District of Columbia,Depository Institution,[Total],Deposit Account,58,Cyber Event
2020,Florida,Depository Institution,Against Financial Institution Customer(s),Deposit Account,463,Cyber Event
2020,Florida,Depository Institution,Against Financial Institution(s),Deposit Account,14,Cyber Event
2020,Florida,Depository Institution,Other Cyber Event,Deposit Account,179,Cyber Event
2020,Florida,Depository Institution,[Total],Deposit Account,656,Cyber Event
2020,Georgia,Depository Institution,Against Financial Institution Customer(s),Deposit Account,277,Cyber Event
2020,Georgia,Depository Institution,Against Financial Institution(s),Deposit Account,11,Cyber Event
2020,Georgia,Depository Institution,Other Cyber Event,Deposit Account,110,Cyber Event
2020,Georgia,Depository Institution,[Total],Deposit Account,398,Cyber Event
2020,Guam,Depository Institution,Against Financial Institution Customer(s),Deposit Account,51,Cyber Event
2020,Guam,Depository Institution,Against Financial Institution(s),Deposit Account,17,Cyber Event
2020,Guam,Depository Institution,Other Cyber Event,Deposit Account,15,Cyber Event
2020,Guam,Depository Institution,[Total],Deposit Account,83,Cyber Event
2020,Hawaii,Depository Institution,Against Financial Institution Customer(s),Deposit Account,18,Cyber Event
2020,Hawaii,Depository Institution,Other Cyber Event,Deposit Account,7,Cyber Event
2020,Hawaii,Depository Institution,[Total],Deposit Account,25,Cyber Event
2020,Idaho,Depository Institution,Against Financial Institution Customer(s),Deposit Account,29,Cyber Event
2020,Idaho,Depository Institution,Against Financial Institution(s),Deposit Account,3,Cyber Event
2020,Idaho,Depository Institution,Other Cyber Event,Deposit Account,6,Cyber Event
2020,Idaho,Depository Institution,[Total],Deposit Account,38,Cyber Event
2020,Illinois,Depository Institution,Against Financial Institution Customer(s),Deposit Account,568,Cyber Event
2020,Illinois,Depository Institution,Against Financial Institution(s),Deposit Account,24,Cyber Event
2020,Illinois,Depository Institution,Other Cyber Event,Deposit Account,119,Cyber Event
2020,Illinois,Depository Institution,[Total],Deposit Account,711,Cyber Event
2020,Indiana,Depository Institution,Against Financial Institution Customer(s),Deposit Account,213,Cyber Event
2020,Indiana,Depository Institution,Against Financial Institution(s),Deposit Account,7,Cyber Event
2020,Indiana,Depository Institution,Other Cyber Event,Deposit Account,105,Cyber Event
2020,Indiana,Depository Institution,[Total],Deposit Account,325,Cyber Event
2020,Iowa,Depository Institution,Against Financial Institution Customer(s),Deposit Account,89,Cyber Event
2020,Iowa,Depository Institution,Against Financial Institution(s),Deposit Account,13,Cyber Event
2020,Iowa,Depository Institution,Other Cyber Event,Deposit Account,8,Cyber Event
2020,Iowa,Depository Institution,[Total],Deposit Account,110,Cyber Event
2020,Kansas,Depository Institution,Against Financial Institution Customer(s),Deposit Account,72,Cyber Event
2020,Kansas,Depository Institution,Against Financial Institution(s),Deposit Account,9,Cyber Event
2020,Kansas,Depository Institution,Other Cyber Event,Deposit Account,11,Cyber Event
2020,Kansas,Depository Institution,[Total],Deposit Account,92,Cyber Event
2020,Kentucky,Depository Institution,Against Financial Institution Customer(s),Deposit Account,50,Cyber Event
2020,Kentucky,Depository Institution,Other Cyber Event,Deposit Account,13,Cyber Event
2020,Kentucky,Depository Institution,[Total],Deposit Account,63,Cyber Event
2020,Louisiana,Depository Institution,Against Financial Institution Customer(s),Deposit Account,71,Cyber Event
2020,Louisiana,Depository Institution,Against Financial Institution(s),Deposit Account,4,Cyber Event
2020,Louisiana,Depository Institution,Other Cyber Event,Deposit Account,34,Cyber Event
2020,Louisiana,Depository Institution,[Total],Deposit Account,109,Cyber Event
2020,Maine,Depository Institution,Against Financial Institution Customer(s),Deposit Account,23,Cyber Event
2020,Maine,Depository Institution,Against Financial Institution(s),Deposit Account,5,Cyber Event
2020,Maine,Depository Institution,Other Cyber Event,Deposit Account,6,Cyber Event
2020,Maine,Depository Institution,[Total],Deposit Account,34,Cyber Event
2020,Maryland,Depository Institution,Against Financial Institution Customer(s),Deposit Account,177,Cyber Event
2020,Maryland,Depository Institution,Against Financial Institution(s),Deposit Account,15,Cyber Event
2020,Maryland,Depository Institution,Other Cyber Event,Deposit Account,37,Cyber Event
2020,Maryland,Depository Institution,[Total],Deposit Account,229,Cyber Event
2020,Massachusetts,Depository Institution,Against Financial Institution Customer(s),Deposit Account,118,Cyber Event
2020,Massachusetts,Depository Institution,Against Financial Institution(s),Deposit Account,8,Cyber Event
2020,Massachusetts,Depository Institution,Other Cyber Event,Deposit Account,34,Cyber Event
2020,Massachusetts,Depository Institution,[Total],Deposit Account,160,Cyber Event
2020,Michigan,Depository Institution,Against Financial Institution Customer(s),Deposit Account,141,Cyber Event
2020,Michigan,Depository Institution,Against Financial Institution(s),Deposit Account,9,Cyber Event
2020,Michigan,Depository Institution,Other Cyber Event,Deposit Account,37,Cyber Event
2020,Michigan,Depository Institution,[Total],Deposit Account,187,Cyber Event
2020,Minnesota,Depository Institution,Against Financial Institution Customer(s),Deposit Account,115,Cyber Event
2020,Minnesota,Depository Institution,Against Financial Institution(s),Deposit Account,4,Cyber Event
2020,Minnesota,Depository Institution,Other Cyber Event,Deposit Account,21,Cyber Event
2020,Minnesota,Depository Institution,[Total],Deposit Account,140,Cyber Event
2020,Mississippi,Depository Institution,Against Financial Institution Customer(s),Deposit Account,29,Cyber Event
2020,Mississippi,Depository Institution,Against Financial Institution(s),Deposit Account,1,Cyber Event
2020,Mississippi,Depository Institution,Other Cyber Event,Deposit Account,4,Cyber Event
2020,Mississippi,Depository Institution,[Total],Deposit Account,34,Cyber Event
2020,Missouri,Depository Institution,Against Financial Institution Customer(s),Deposit Account,173,Cyber Event
2020,Missouri,Depository Institution,Against Financial Institution(s),Deposit Account,15,Cyber Event
2020,Missouri,Depository Institution,Other Cyber Event,Deposit Account,15,Cyber Event
2020,Missouri,Depository Institution,[Total],Deposit Account,203,Cyber Event
2020,Montana,Depository Institution,Against Financial Institution Customer(s),Deposit Account,107,Cyber Event
2020,Montana,Depository Institution,Other Cyber Event,Deposit Account,8,Cyber Event
2020,Montana,Depository Institution,[Total],Deposit Account,115,Cyber Event
2020,Nebraska,Depository Institution,Against Financial Institution Customer(s),Deposit Account,58,Cyber Event
2020,Nebraska,Depository Institution,Against Financial Institution(s),Deposit Account,11,Cyber Event
2020,Nebraska,Depository Institution,Other Cyber Event,Deposit Account,7,Cyber Event
2020,Nebraska,Depository Institution,[Total],Deposit Account,76,Cyber Event
2020,Nevada,Depository Institution,Against Financial Institution Customer(s),Deposit Account,69,Cyber Event
2020,Nevada,Depository Institution,Against Financial Institution(s),Deposit Account,37,Cyber Event
2020,Nevada,Depository Institution,Other Cyber Event,Deposit Account,15,Cyber Event
2020,Nevada,Depository Institution,[Total],Deposit Account,121,Cyber Event
2020,New Hampshire,Depository Institution,Against Financial Institution Customer(s),Deposit Account,25,Cyber Event
2020,New Hampshire,Depository Institution,Other Cyber Event,Deposit Account,2,Cyber Event
2020,New Hampshire,Depository Institution,[Total],Deposit Account,27,Cyber Event
2020,New Jersey,Depository Institution,Against Financial Institution Customer(s),Deposit Account,219,Cyber Event
2020,New Jersey,Depository Institution,Against Financial Institution(s),Deposit Account,8,Cyber Event
2020,New Jersey,Depository Institution,Other Cyber Event,Deposit Account,41,Cyber Event
2020,New Jersey,Depository Institution,[Total],Deposit Account,268,Cyber Event
2020,New Mexico,Depository Institution,Against Financial Institution Customer(s),Deposit Account,39,Cyber Event
2020,New Mexico,Depository Institution,Against Financial Institution(s),Deposit Account,14,Cyber Event
2020,New Mexico,Depository Institution,Other Cyber Event,Deposit Account,2,Cyber Event
2020,New Mexico,Depository Institution,[Total],Deposit Account,55,Cyber Event
2020,New York,Depository Institution,Against Financial Institution Customer(s),Deposit Account,398,Cyber Event
2020,New York,Depository Institution,Against Financial Institution(s),Deposit Account,58,Cyber Event
2020,New York,Depository Institution,Other Cyber Event,Deposit Account,88,Cyber Event
2020,New York,Depository Institution,[Total],Deposit Account,544,Cyber Event
2020,North Carolina,Depository Institution,Against Financial Institution Customer(s),Deposit Account,"1,802",Cyber Event
2020,North Carolina,Depository Institution,Against Financial Institution(s),Deposit Account,58,Cyber Event
2020,North Carolina,Depository Institution,Other Cyber Event,Deposit Account,151,Cyber Event
2020,North Carolina,Depository Institution,[Total],Deposit Account,"2,011",Cyber Event
2020,North Dakota,Depository Institution,Against Financial Institution Customer(s),Deposit Account,56,Cyber Event
2020,North Dakota,Depository Institution,Against Financial Institution(s),Deposit Account,5,Cyber Event
2020,North Dakota,Depository Institution,Other Cyber Event,Deposit Account,4,Cyber Event
2020,North Dakota,Depository Institution,[Total],Deposit Account,65,Cyber Event
2020,Ohio,Depository Institution,Against Financial Institution Customer(s),Deposit Account,"2,155",Cyber Event
2020,Ohio,Depository Institution,Against Financial Institution(s),Deposit Account,"1,549",Cyber Event
2020,Ohio,Depository Institution,Other Cyber Event,Deposit Account,264,Cyber Event
2020,Ohio,Depository Institution,[Total],Deposit Account,"3,968",Cyber Event
2020,Oklahoma,Depository Institution,Against Financial Institution Customer(s),Deposit Account,59,Cyber Event
2020,Oklahoma,Depository Institution,Against Financial Institution(s),Deposit Account,15,Cyber Event
2020,Oklahoma,Depository Institution,Other Cyber Event,Deposit Account,27,Cyber Event
2020,Oklahoma,Depository Institution,[Total],Deposit Account,101,Cyber Event
2020,Oregon,Depository Institution,Against Financial Institution Customer(s),Deposit Account,92,Cyber Event
2020,Oregon,Depository Institution,Against Financial Institution(s),Deposit Account,24,Cyber Event
2020,Oregon,Depository Institution,Other Cyber Event,Deposit Account,13,Cyber Event
2020,Oregon,Depository Institution,[Total],Deposit Account,129,Cyber Event
2020,Pennsylvania,Depository Institution,Against Financial Institution Customer(s),Deposit Account,442,Cyber Event
2020,Pennsylvania,Depository Institution,Against Financial Institution(s),Deposit Account,49,Cyber Event
2020,Pennsylvania,Depository Institution,Other Cyber Event,Deposit Account,53,Cyber Event
2020,Pennsylvania,Depository Institution,[Total],Deposit Account,544,Cyber Event
2020,Rhode Island,Depository Institution,Against Financial Institution Customer(s),Deposit Account,3,Cyber Event
2020,Rhode Island,Depository Institution,Other Cyber Event,Deposit Account,3,Cyber Event
2020,Rhode Island,Depository Institution,[Total],Deposit Account,6,Cyber Event
2020,South Carolina,Depository Institution,Against Financial Institution Customer(s),Deposit Account,101,Cyber Event
2020,South Carolina,Depository Institution,Against Financial Institution(s),Deposit Account,1,Cyber Event
2020,South Carolina,Depository Institution,Other Cyber Event,Deposit Account,20,Cyber Event
2020,South Carolina,Depository Institution,[Total],Deposit Account,122,Cyber Event
2020,South Dakota,Depository Institution,Against Financial Institution Customer(s),Deposit Account,54,Cyber Event
2020,South Dakota,Depository Institution,Against Financial Institution(s),Deposit Account,1,Cyber Event
2020,South Dakota,Depository Institution,Other Cyber Event,Deposit Account,9,Cyber Event
2020,South Dakota,Depository Institution,[Total],Deposit Account,64,Cyber Event
2020,Tennessee,Depository Institution,Against Financial Institution Customer(s),Deposit Account,106,Cyber Event
2020,Tennessee,Depository Institution,Against Financial Institution(s),Deposit Account,8,Cyber Event
2020,Tennessee,Depository Institution,Other Cyber Event,Deposit Account,21,Cyber Event
2020,Tennessee,Depository Institution,[Total],Deposit Account,135,Cyber Event
2020,Texas,Depository Institution,Against Financial Institution Customer(s),Deposit Account,641,Cyber Event
2020,Texas,Depository Institution,Against Financial Institution(s),Deposit Account,28,Cyber Event
2020,Texas,Depository Institution,Other Cyber Event,Deposit Account,155,Cyber Event
2020,Texas,Depository Institution,[Total],Deposit Account,824,Cyber Event
2020,Utah,Depository Institution,Against Financial Institution Customer(s),Deposit Account,152,Cyber Event
2020,Utah,Depository Institution,Against Financial Institution(s),Deposit Account,18,Cyber Event
2020,Utah,Depository Institution,Other Cyber Event,Deposit Account,55,Cyber Event
2020,Utah,Depository Institution,[Total],Deposit Account,225,Cyber Event
2020,Vermont,Depository Institution,Against Financial Institution Customer(s),Deposit Account,13,Cyber Event
2020,Vermont,Depository Institution,Against Financial Institution(s),Deposit Account,2,Cyber Event
2020,Vermont,Depository Institution,Other Cyber Event,Deposit Account,2,Cyber Event
2020,Vermont,Depository Institution,[Total],Deposit Account,17,Cyber Event
2020,Virginia,Depository Institution,Against Financial Institution Customer(s),Deposit Account,272,Cyber Event
2020,Virginia,Depository Institution,Against Financial Institution(s),Deposit Account,23,Cyber Event
2020,Virginia,Depository Institution,Other Cyber Event,Deposit Account,22,Cyber Event
2020,Virginia,Depository Institution,[Total],Deposit Account,317,Cyber Event
2020,Washington,Depository Institution,Against Financial Institution Customer(s),Deposit Account,200,Cyber Event
2020,Washington,Depository Institution,Against Financial Institution(s),Deposit Account,46,Cyber Event
2020,Washington,Depository Institution,Other Cyber Event,Deposit Account,42,Cyber Event
2020,Washington,Depository Institution,[Total],Deposit Account,288,Cyber Event
2020,West Virginia,Depository Institution,Against Financial Institution Customer(s),Deposit Account,25,Cyber Event
2020,West Virginia,Depository Institution,Against Financial Institution(s),Deposit Account,1,Cyber Event
2020,West Virginia,Depository Institution,Other Cyber Event,Deposit Account,3,Cyber Event
2020,West Virginia,Depository Institution,[Total],Deposit Account,29,Cyber Event
2020,Wisconsin,Depository Institution,Against Financial Institution Customer(s),Deposit Account,138,Cyber Event
2020,Wisconsin,Depository Institution,Against Financial Institution(s),Deposit Account,5,Cyber Event
2020,Wisconsin,Depository Institution,Other Cyber Event,Deposit Account,25,Cyber Event
2020,Wisconsin,Depository Institution,[Total],Deposit Account,168,Cyber Event
2020,Wyoming,Depository Institution,Against Financial Institution Customer(s),Deposit Account,25,Cyber Event
2020,Wyoming,Depository Institution,Against Financial Institution(s),Deposit Account,2,Cyber Event
2020,Wyoming,Depository Institution,Other Cyber Event,Deposit Account,4,Cyber Event
2020,Wyoming,Depository Institution,[Total],Deposit Account,31,Cyber Event
2020,[Total],Depository Institution,[Total],Deposit Account,"21,644",Cyber Event
All Years [Total],[Total],Depository Institution,[Total],Deposit Account,"21,644",Cyber Event
