Year Month,State,Industry,Suspicious Activity,Product,Count,Type
2020,Alabama,Depository Institution,Minimal Gaming with Large Transactions,Deposit Account,1,Gaming Activities
2020,Alabama,Depository Institution,Other Gaming Activites,Deposit Account,2,Gaming Activities
2020,Alabama,Depository Institution,Suspicious Use of Counter Checks or Markers,Deposit Account,2,Gaming Activities
2020,Alabama,Depository Institution,Unknown Source of Chips,Deposit Account,1,Gaming Activities
2020,Alabama,Depository Institution,[Total],Deposit Account,6,Gaming Activities
2020,Alaska,Depository Institution,Other Gaming Activites,Deposit Account,30,Gaming Activities
2020,Alaska,Depository Institution,[Total],Deposit Account,30,Gaming Activities
2020,Arizona,Depository Institution,Other Gaming Activites,Deposit Account,3,Gaming Activities
2020,Arizona,Depository Institution,[Total],Deposit Account,3,Gaming Activities
2020,Arkansas,Depository Institution,Minimal Gaming with Large Transactions,Deposit Account,1,Gaming Activities
2020,Arkansas,Depository Institution,Other Gaming Activites,Deposit Account,6,Gaming Activities
2020,Arkansas,Depository Institution,[Total],Deposit Account,7,Gaming Activities
2020,California,Depository Institution,Minimal Gaming with Large Transactions,Deposit Account,2,Gaming Activities
2020,California,Depository Institution,Other Gaming Activites,Deposit Account,27,Gaming Activities
2020,California,Depository Institution,Suspicious Use of Counter Checks or Markers,Deposit Account,4,Gaming Activities
2020,California,Depository Institution,Unknown Source of Chips,Deposit Account,3,Gaming Activities
2020,California,Depository Institution,[Total],Deposit Account,36,Gaming Activities
2020,Colorado,Depository Institution,Minimal Gaming with Large Transactions,Deposit Account,1,Gaming Activities
2020,Colorado,Depository Institution,Other Gaming Activites,Deposit Account,2,Gaming Activities
2020,Colorado,Depository Institution,[Total],Deposit Account,3,Gaming Activities
2020,Connecticut,Depository Institution,Other Gaming Activites,Deposit Account,4,Gaming Activities
2020,Connecticut,Depository Institution,Suspicious Use of Counter Checks or Markers,Deposit Account,3,Gaming Activities
2020,Connecticut,Depository Institution,[Total],Deposit Account,7,Gaming Activities
2020,Delaware,Depository Institution,Other Gaming Activites,Deposit Account,31,Gaming Activities
2020,Delaware,Depository Institution,[Total],Deposit Account,31,Gaming Activities
2020,Florida,Depository Institution,Minimal Gaming with Large Transactions,Deposit Account,1,Gaming Activities
2020,Florida,Depository Institution,Other Gaming Activites,Deposit Account,15,Gaming Activities
2020,Florida,Depository Institution,Suspicious Use of Counter Checks or Markers,Deposit Account,1,Gaming Activities
2020,Florida,Depository Institution,Unknown Source of Chips,Deposit Account,2,Gaming Activities
2020,Florida,Depository Institution,[Total],Deposit Account,19,Gaming Activities
2020,Georgia,Depository Institution,Other Gaming Activites,Deposit Account,5,Gaming Activities
2020,Georgia,Depository Institution,[Total],Deposit Account,5,Gaming Activities
2020,Guam,Depository Institution,Other Gaming Activites,Deposit Account,1,Gaming Activities
2020,Guam,Depository Institution,[Total],Deposit Account,1,Gaming Activities
2020,Hawaii,Depository Institution,Other Gaming Activites,Deposit Account,10,Gaming Activities
2020,Hawaii,Depository Institution,[Total],Deposit Account,10,Gaming Activities
2020,Illinois,Depository Institution,Other Gaming Activites,Deposit Account,9,Gaming Activities
2020,Illinois,Depository Institution,Suspicious Use of Counter Checks or Markers,Deposit Account,2,Gaming Activities
2020,Illinois,Depository Institution,[Total],Deposit Account,11,Gaming Activities
2020,Indiana,Depository Institution,Minimal Gaming with Large Transactions,Deposit Account,1,Gaming Activities
2020,Indiana,Depository Institution,Other Gaming Activites,Deposit Account,5,Gaming Activities
2020,Indiana,Depository Institution,[Total],Deposit Account,6,Gaming Activities
2020,Iowa,Depository Institution,Minimal Gaming with Large Transactions,Deposit Account,1,Gaming Activities
2020,Iowa,Depository Institution,Other Gaming Activites,Deposit Account,3,Gaming Activities
2020,Iowa,Depository Institution,[Total],Deposit Account,4,Gaming Activities
2020,Kansas,Depository Institution,Other Gaming Activites,Deposit Account,1,Gaming Activities
2020,Kansas,Depository Institution,[Total],Deposit Account,1,Gaming Activities
2020,Kentucky,Depository Institution,Other Gaming Activites,Deposit Account,2,Gaming Activities
2020,Kentucky,Depository Institution,[Total],Deposit Account,2,Gaming Activities
2020,Louisiana,Depository Institution,Minimal Gaming with Large Transactions,Deposit Account,1,Gaming Activities
2020,Louisiana,Depository Institution,Other Gaming Activites,Deposit Account,1,Gaming Activities
2020,Louisiana,Depository Institution,Suspicious Use of Counter Checks or Markers,Deposit Account,3,Gaming Activities
2020,Louisiana,Depository Institution,[Total],Deposit Account,5,Gaming Activities
2020,Maryland,Depository Institution,Chip Walking,Deposit Account,1,Gaming Activities
2020,Maryland,Depository Institution,Other Gaming Activites,Deposit Account,2,Gaming Activities
2020,Maryland,Depository Institution,[Total],Deposit Account,3,Gaming Activities
2020,Massachusetts,Depository Institution,Other Gaming Activites,Deposit Account,1,Gaming Activities
2020,Massachusetts,Depository Institution,Suspicious Use of Counter Checks or Markers,Deposit Account,4,Gaming Activities
2020,Massachusetts,Depository Institution,[Total],Deposit Account,5,Gaming Activities
2020,Michigan,Depository Institution,Other Gaming Activites,Deposit Account,9,Gaming Activities
2020,Michigan,Depository Institution,Suspicious Use of Counter Checks or Markers,Deposit Account,1,Gaming Activities
2020,Michigan,Depository Institution,[Total],Deposit Account,10,Gaming Activities
2020,Minnesota,Depository Institution,Other Gaming Activites,Deposit Account,4,Gaming Activities
2020,Minnesota,Depository Institution,[Total],Deposit Account,4,Gaming Activities
2020,Missouri,Depository Institution,Minimal Gaming with Large Transactions,Deposit Account,1,Gaming Activities
2020,Missouri,Depository Institution,Other Gaming Activites,Deposit Account,2,Gaming Activities
2020,Missouri,Depository Institution,[Total],Deposit Account,3,Gaming Activities
2020,Nevada,Depository Institution,Other Gaming Activites,Deposit Account,1,Gaming Activities
2020,Nevada,Depository Institution,Suspicious Use of Counter Checks or Markers,Deposit Account,2,Gaming Activities
2020,Nevada,Depository Institution,Unknown Source of Chips,Deposit Account,1,Gaming Activities
2020,Nevada,Depository Institution,[Total],Deposit Account,4,Gaming Activities
2020,New Jersey,Depository Institution,Chip Walking,Deposit Account,1,Gaming Activities
2020,New Jersey,Depository Institution,Minimal Gaming with Large Transactions,Deposit Account,1,Gaming Activities
2020,New Jersey,Depository Institution,Other Gaming Activites,Deposit Account,11,Gaming Activities
2020,New Jersey,Depository Institution,[Total],Deposit Account,13,Gaming Activities
2020,New Mexico,Depository Institution,Chip Walking,Deposit Account,1,Gaming Activities
2020,New Mexico,Depository Institution,Unknown Source of Chips,Deposit Account,1,Gaming Activities
2020,New Mexico,Depository Institution,[Total],Deposit Account,2,Gaming Activities
2020,New York,Depository Institution,Minimal Gaming with Large Transactions,Deposit Account,1,Gaming Activities
2020,New York,Depository Institution,Other Gaming Activites,Deposit Account,16,Gaming Activities
2020,New York,Depository Institution,[Total],Deposit Account,17,Gaming Activities
2020,North Carolina,Depository Institution,Other Gaming Activites,Deposit Account,13,Gaming Activities
2020,North Carolina,Depository Institution,Suspicious Use of Counter Checks or Markers,Deposit Account,12,Gaming Activities
2020,North Carolina,Depository Institution,Unknown Source of Chips,Deposit Account,2,Gaming Activities
2020,North Carolina,Depository Institution,[Total],Deposit Account,27,Gaming Activities
2020,Ohio,Depository Institution,Other Gaming Activites,Deposit Account,12,Gaming Activities
2020,Ohio,Depository Institution,Suspicious Use of Counter Checks or Markers,Deposit Account,3,Gaming Activities
2020,Ohio,Depository Institution,[Total],Deposit Account,15,Gaming Activities
2020,Oklahoma,Depository Institution,Minimal Gaming with Large Transactions,Deposit Account,1,Gaming Activities
2020,Oklahoma,Depository Institution,Other Gaming Activites,Deposit Account,3,Gaming Activities
2020,Oklahoma,Depository Institution,[Total],Deposit Account,4,Gaming Activities
2020,Pennsylvania,Depository Institution,Other Gaming Activites,Deposit Account,5,Gaming Activities
2020,Pennsylvania,Depository Institution,Suspicious Use of Counter Checks or Markers,Deposit Account,1,Gaming Activities
2020,Pennsylvania,Depository Institution,[Total],Deposit Account,6,Gaming Activities
2020,Rhode Island,Depository Institution,Other Gaming Activites,Deposit Account,1,Gaming Activities
2020,Rhode Island,Depository Institution,[Total],Deposit Account,1,Gaming Activities
2020,South Carolina,Depository Institution,Other Gaming Activites,Deposit Account,9,Gaming Activities
2020,South Carolina,Depository Institution,[Total],Deposit Account,9,Gaming Activities
2020,South Dakota,Depository Institution,Other Gaming Activites,Deposit Account,17,Gaming Activities
2020,South Dakota,Depository Institution,[Total],Deposit Account,17,Gaming Activities
2020,Tennessee,Depository Institution,Minimal Gaming with Large Transactions,Deposit Account,1,Gaming Activities
2020,Tennessee,Depository Institution,Other Gaming Activites,Deposit Account,2,Gaming Activities
2020,Tennessee,Depository Institution,[Total],Deposit Account,3,Gaming Activities
2020,Texas,Depository Institution,Minimal Gaming with Large Transactions,Deposit Account,4,Gaming Activities
2020,Texas,Depository Institution,Other Gaming Activites,Deposit Account,36,Gaming Activities
2020,Texas,Depository Institution,Suspicious Use of Counter Checks or Markers,Deposit Account,2,Gaming Activities
2020,Texas,Depository Institution,[Total],Deposit Account,42,Gaming Activities
2020,Utah,Depository Institution,Other Gaming Activites,Deposit Account,3,Gaming Activities
2020,Utah,Depository Institution,[Total],Deposit Account,3,Gaming Activities
2020,Virginia,Depository Institution,Minimal Gaming with Large Transactions,Deposit Account,1,Gaming Activities
2020,Virginia,Depository Institution,Other Gaming Activites,Deposit Account,10,Gaming Activities
2020,Virginia,Depository Institution,Suspicious Use of Counter Checks or Markers,Deposit Account,1,Gaming Activities
2020,Virginia,Depository Institution,Unknown Source of Chips,Deposit Account,1,Gaming Activities
2020,Virginia,Depository Institution,[Total],Deposit Account,13,Gaming Activities
2020,Washington,Depository Institution,Other Gaming Activites,Deposit Account,3,Gaming Activities
2020,Washington,Depository Institution,Suspicious Use of Counter Checks or Markers,Deposit Account,1,Gaming Activities
2020,Washington,Depository Institution,[Total],Deposit Account,4,Gaming Activities
2020,West Virginia,Depository Institution,Minimal Gaming with Large Transactions,Deposit Account,1,Gaming Activities
2020,West Virginia,Depository Institution,Other Gaming Activites,Deposit Account,1,Gaming Activities
2020,West Virginia,Depository Institution,[Total],Deposit Account,2,Gaming Activities
2020,Wisconsin,Depository Institution,Other Gaming Activites,Deposit Account,4,Gaming Activities
2020,Wisconsin,Depository Institution,[Total],Deposit Account,4,Gaming Activities
2020,Wyoming,Depository Institution,Other Gaming Activites,Deposit Account,1,Gaming Activities
2020,Wyoming,Depository Institution,[Total],Deposit Account,1,Gaming Activities
2020,[Total],Depository Institution,[Total],Deposit Account,399,Gaming Activities
All Years [Total],[Total],Depository Institution,[Total],Deposit Account,399,Gaming Activities
