Year Month,State,Industry,Suspicious Activity,Product,Count,Type
2020,Alabama,Depository Institution,Changes Spelling or Arrangement of Name,Deposit Account,5,Identification Documentation
2020,Alabama,Depository Institution,Multiple Individuals with Same or Similar Identities,Deposit Account,13,Identification Documentation
2020,Alabama,Depository Institution,Other Identification Documentation,Deposit Account,17,Identification Documentation
2020,Alabama,Depository Institution,Provided Questionable or False Documentation,Deposit Account,256,Identification Documentation
2020,Alabama,Depository Institution,Provided Questionable or False Identification,Deposit Account,62,Identification Documentation
2020,Alabama,Depository Institution,Refused or Avoided Request for Documentation,Deposit Account,50,Identification Documentation
2020,Alabama,Depository Institution,Single Individual with Multiple Identities,Deposit Account,25,Identification Documentation
2020,Alabama,Depository Institution,[Total],Deposit Account,428,Identification Documentation
2020,Alaska,Depository Institution,Multiple Individuals with Same or Similar Identities,Deposit Account,5,Identification Documentation
2020,Alaska,Depository Institution,Other Identification Documentation,Deposit Account,2,Identification Documentation
2020,Alaska,Depository Institution,Provided Questionable or False Documentation,Deposit Account,33,Identification Documentation
2020,Alaska,Depository Institution,Provided Questionable or False Identification,Deposit Account,12,Identification Documentation
2020,Alaska,Depository Institution,Refused or Avoided Request for Documentation,Deposit Account,13,Identification Documentation
2020,Alaska,Depository Institution,Single Individual with Multiple Identities,Deposit Account,2,Identification Documentation
2020,Alaska,Depository Institution,[Total],Deposit Account,67,Identification Documentation
2020,Arizona,Depository Institution,Changes Spelling or Arrangement of Name,Deposit Account,4,Identification Documentation
2020,Arizona,Depository Institution,Multiple Individuals with Same or Similar Identities,Deposit Account,361,Identification Documentation
2020,Arizona,Depository Institution,Other Identification Documentation,Deposit Account,27,Identification Documentation
2020,Arizona,Depository Institution,Provided Questionable or False Documentation,Deposit Account,409,Identification Documentation
2020,Arizona,Depository Institution,Provided Questionable or False Identification,Deposit Account,103,Identification Documentation
2020,Arizona,Depository Institution,Refused or Avoided Request for Documentation,Deposit Account,122,Identification Documentation
2020,Arizona,Depository Institution,Single Individual with Multiple Identities,Deposit Account,25,Identification Documentation
2020,Arizona,Depository Institution,[Total],Deposit Account,"1,051",Identification Documentation
2020,Arkansas,Depository Institution,Changes Spelling or Arrangement of Name,Deposit Account,5,Identification Documentation
2020,Arkansas,Depository Institution,Multiple Individuals with Same or Similar Identities,Deposit Account,2,Identification Documentation
2020,Arkansas,Depository Institution,Other Identification Documentation,Deposit Account,15,Identification Documentation
2020,Arkansas,Depository Institution,Provided Questionable or False Documentation,Deposit Account,40,Identification Documentation
2020,Arkansas,Depository Institution,Provided Questionable or False Identification,Deposit Account,48,Identification Documentation
2020,Arkansas,Depository Institution,Refused or Avoided Request for Documentation,Deposit Account,37,Identification Documentation
2020,Arkansas,Depository Institution,Single Individual with Multiple Identities,Deposit Account,14,Identification Documentation
2020,Arkansas,Depository Institution,[Total],Deposit Account,161,Identification Documentation
2020,California,Depository Institution,Changes Spelling or Arrangement of Name,Deposit Account,58,Identification Documentation
2020,California,Depository Institution,Multiple Individuals with Same or Similar Identities,Deposit Account,"1,715",Identification Documentation
2020,California,Depository Institution,Other Identification Documentation,Deposit Account,255,Identification Documentation
2020,California,Depository Institution,Provided Questionable or False Documentation,Deposit Account,"6,324",Identification Documentation
2020,California,Depository Institution,Provided Questionable or False Identification,Deposit Account,"1,128",Identification Documentation
2020,California,Depository Institution,Refused or Avoided Request for Documentation,Deposit Account,"2,033",Identification Documentation
2020,California,Depository Institution,Single Individual with Multiple Identities,Deposit Account,185,Identification Documentation
2020,California,Depository Institution,[Total],Deposit Account,"11,698",Identification Documentation
2020,Colorado,Depository Institution,Changes Spelling or Arrangement of Name,Deposit Account,7,Identification Documentation
2020,Colorado,Depository Institution,Multiple Individuals with Same or Similar Identities,Deposit Account,159,Identification Documentation
2020,Colorado,Depository Institution,Other Identification Documentation,Deposit Account,17,Identification Documentation
2020,Colorado,Depository Institution,Provided Questionable or False Documentation,Deposit Account,210,Identification Documentation
2020,Colorado,Depository Institution,Provided Questionable or False Identification,Deposit Account,75,Identification Documentation
2020,Colorado,Depository Institution,Refused or Avoided Request for Documentation,Deposit Account,51,Identification Documentation
2020,Colorado,Depository Institution,Single Individual with Multiple Identities,Deposit Account,22,Identification Documentation
2020,Colorado,Depository Institution,[Total],Deposit Account,541,Identification Documentation
2020,Connecticut,Depository Institution,Changes Spelling or Arrangement of Name,Deposit Account,9,Identification Documentation
2020,Connecticut,Depository Institution,Multiple Individuals with Same or Similar Identities,Deposit Account,106,Identification Documentation
2020,Connecticut,Depository Institution,Other Identification Documentation,Deposit Account,10,Identification Documentation
2020,Connecticut,Depository Institution,Provided Questionable or False Documentation,Deposit Account,127,Identification Documentation
2020,Connecticut,Depository Institution,Provided Questionable or False Identification,Deposit Account,36,Identification Documentation
2020,Connecticut,Depository Institution,Refused or Avoided Request for Documentation,Deposit Account,59,Identification Documentation
2020,Connecticut,Depository Institution,Single Individual with Multiple Identities,Deposit Account,5,Identification Documentation
2020,Connecticut,Depository Institution,[Total],Deposit Account,352,Identification Documentation
2020,Delaware,Depository Institution,Changes Spelling or Arrangement of Name,Deposit Account,11,Identification Documentation
2020,Delaware,Depository Institution,Multiple Individuals with Same or Similar Identities,Deposit Account,264,Identification Documentation
2020,Delaware,Depository Institution,Other Identification Documentation,Deposit Account,289,Identification Documentation
2020,Delaware,Depository Institution,Provided Questionable or False Documentation,Deposit Account,91,Identification Documentation
2020,Delaware,Depository Institution,Provided Questionable or False Identification,Deposit Account,70,Identification Documentation
2020,Delaware,Depository Institution,Refused or Avoided Request for Documentation,Deposit Account,694,Identification Documentation
2020,Delaware,Depository Institution,Single Individual with Multiple Identities,Deposit Account,155,Identification Documentation
2020,Delaware,Depository Institution,[Total],Deposit Account,"1,574",Identification Documentation
2020,District of Columbia,Depository Institution,Changes Spelling or Arrangement of Name,Deposit Account,4,Identification Documentation
2020,District of Columbia,Depository Institution,Multiple Individuals with Same or Similar Identities,Deposit Account,112,Identification Documentation
2020,District of Columbia,Depository Institution,Other Identification Documentation,Deposit Account,7,Identification Documentation
2020,District of Columbia,Depository Institution,Provided Questionable or False Documentation,Deposit Account,142,Identification Documentation
2020,District of Columbia,Depository Institution,Provided Questionable or False Identification,Deposit Account,33,Identification Documentation
2020,District of Columbia,Depository Institution,Refused or Avoided Request for Documentation,Deposit Account,21,Identification Documentation
2020,District of Columbia,Depository Institution,Single Individual with Multiple Identities,Deposit Account,15,Identification Documentation
2020,District of Columbia,Depository Institution,[Total],Deposit Account,334,Identification Documentation
2020,Florida,Depository Institution,Changes Spelling or Arrangement of Name,Deposit Account,61,Identification Documentation
2020,Florida,Depository Institution,Multiple Individuals with Same or Similar Identities,Deposit Account,"1,278",Identification Documentation
2020,Florida,Depository Institution,Other Identification Documentation,Deposit Account,215,Identification Documentation
2020,Florida,Depository Institution,Provided Questionable or False Documentation,Deposit Account,"1,962",Identification Documentation
2020,Florida,Depository Institution,Provided Questionable or False Identification,Deposit Account,269,Identification Documentation
2020,Florida,Depository Institution,Refused or Avoided Request for Documentation,Deposit Account,825,Identification Documentation
2020,Florida,Depository Institution,Single Individual with Multiple Identities,Deposit Account,156,Identification Documentation
2020,Florida,Depository Institution,[Total],Deposit Account,"4,766",Identification Documentation
2020,Georgia,Depository Institution,Changes Spelling or Arrangement of Name,Deposit Account,17,Identification Documentation
2020,Georgia,Depository Institution,Multiple Individuals with Same or Similar Identities,Deposit Account,590,Identification Documentation
2020,Georgia,Depository Institution,Other Identification Documentation,Deposit Account,67,Identification Documentation
2020,Georgia,Depository Institution,Provided Questionable or False Documentation,Deposit Account,"1,090",Identification Documentation
2020,Georgia,Depository Institution,Provided Questionable or False Identification,Deposit Account,196,Identification Documentation
2020,Georgia,Depository Institution,Refused or Avoided Request for Documentation,Deposit Account,227,Identification Documentation
2020,Georgia,Depository Institution,Single Individual with Multiple Identities,Deposit Account,145,Identification Documentation
2020,Georgia,Depository Institution,[Total],Deposit Account,"2,332",Identification Documentation
2020,Guam,Depository Institution,Provided Questionable or False Documentation,Deposit Account,6,Identification Documentation
2020,Guam,Depository Institution,Provided Questionable or False Identification,Deposit Account,5,Identification Documentation
2020,Guam,Depository Institution,Refused or Avoided Request for Documentation,Deposit Account,2,Identification Documentation
2020,Guam,Depository Institution,Single Individual with Multiple Identities,Deposit Account,1,Identification Documentation
2020,Guam,Depository Institution,[Total],Deposit Account,14,Identification Documentation
2020,Hawaii,Depository Institution,Changes Spelling or Arrangement of Name,Deposit Account,3,Identification Documentation
2020,Hawaii,Depository Institution,Multiple Individuals with Same or Similar Identities,Deposit Account,2,Identification Documentation
2020,Hawaii,Depository Institution,Other Identification Documentation,Deposit Account,9,Identification Documentation
2020,Hawaii,Depository Institution,Provided Questionable or False Documentation,Deposit Account,22,Identification Documentation
2020,Hawaii,Depository Institution,Provided Questionable or False Identification,Deposit Account,20,Identification Documentation
2020,Hawaii,Depository Institution,Refused or Avoided Request for Documentation,Deposit Account,9,Identification Documentation
2020,Hawaii,Depository Institution,Single Individual with Multiple Identities,Deposit Account,7,Identification Documentation
2020,Hawaii,Depository Institution,[Total],Deposit Account,72,Identification Documentation
2020,Idaho,Depository Institution,Changes Spelling or Arrangement of Name,Deposit Account,1,Identification Documentation
2020,Idaho,Depository Institution,Multiple Individuals with Same or Similar Identities,Deposit Account,23,Identification Documentation
2020,Idaho,Depository Institution,Other Identification Documentation,Deposit Account,3,Identification Documentation
2020,Idaho,Depository Institution,Provided Questionable or False Documentation,Deposit Account,34,Identification Documentation
2020,Idaho,Depository Institution,Provided Questionable or False Identification,Deposit Account,16,Identification Documentation
2020,Idaho,Depository Institution,Refused or Avoided Request for Documentation,Deposit Account,10,Identification Documentation
2020,Idaho,Depository Institution,Single Individual with Multiple Identities,Deposit Account,5,Identification Documentation
2020,Idaho,Depository Institution,[Total],Deposit Account,92,Identification Documentation
2020,Illinois,Depository Institution,Changes Spelling or Arrangement of Name,Deposit Account,32,Identification Documentation
2020,Illinois,Depository Institution,Multiple Individuals with Same or Similar Identities,Deposit Account,"1,134",Identification Documentation
2020,Illinois,Depository Institution,Other Identification Documentation,Deposit Account,58,Identification Documentation
2020,Illinois,Depository Institution,Provided Questionable or False Documentation,Deposit Account,647,Identification Documentation
2020,Illinois,Depository Institution,Provided Questionable or False Identification,Deposit Account,321,Identification Documentation
2020,Illinois,Depository Institution,Refused or Avoided Request for Documentation,Deposit Account,384,Identification Documentation
2020,Illinois,Depository Institution,Single Individual with Multiple Identities,Deposit Account,113,Identification Documentation
2020,Illinois,Depository Institution,[Total],Deposit Account,"2,689",Identification Documentation
2020,Indiana,Depository Institution,Changes Spelling or Arrangement of Name,Deposit Account,14,Identification Documentation
2020,Indiana,Depository Institution,Multiple Individuals with Same or Similar Identities,Deposit Account,312,Identification Documentation
2020,Indiana,Depository Institution,Other Identification Documentation,Deposit Account,29,Identification Documentation
2020,Indiana,Depository Institution,Provided Questionable or False Documentation,Deposit Account,150,Identification Documentation
2020,Indiana,Depository Institution,Provided Questionable or False Identification,Deposit Account,91,Identification Documentation
2020,Indiana,Depository Institution,Refused or Avoided Request for Documentation,Deposit Account,134,Identification Documentation
2020,Indiana,Depository Institution,Single Individual with Multiple Identities,Deposit Account,97,Identification Documentation
2020,Indiana,Depository Institution,[Total],Deposit Account,827,Identification Documentation
2020,Iowa,Depository Institution,Changes Spelling or Arrangement of Name,Deposit Account,3,Identification Documentation
2020,Iowa,Depository Institution,Multiple Individuals with Same or Similar Identities,Deposit Account,3,Identification Documentation
2020,Iowa,Depository Institution,Other Identification Documentation,Deposit Account,20,Identification Documentation
2020,Iowa,Depository Institution,Provided Questionable or False Documentation,Deposit Account,45,Identification Documentation
2020,Iowa,Depository Institution,Provided Questionable or False Identification,Deposit Account,34,Identification Documentation
2020,Iowa,Depository Institution,Refused or Avoided Request for Documentation,Deposit Account,24,Identification Documentation
2020,Iowa,Depository Institution,Single Individual with Multiple Identities,Deposit Account,11,Identification Documentation
2020,Iowa,Depository Institution,[Total],Deposit Account,140,Identification Documentation
2020,Kansas,Depository Institution,Changes Spelling or Arrangement of Name,Deposit Account,5,Identification Documentation
2020,Kansas,Depository Institution,Multiple Individuals with Same or Similar Identities,Deposit Account,6,Identification Documentation
2020,Kansas,Depository Institution,Other Identification Documentation,Deposit Account,12,Identification Documentation
2020,Kansas,Depository Institution,Provided Questionable or False Documentation,Deposit Account,54,Identification Documentation
2020,Kansas,Depository Institution,Provided Questionable or False Identification,Deposit Account,43,Identification Documentation
2020,Kansas,Depository Institution,Refused or Avoided Request for Documentation,Deposit Account,54,Identification Documentation
2020,Kansas,Depository Institution,Single Individual with Multiple Identities,Deposit Account,19,Identification Documentation
2020,Kansas,Depository Institution,[Total],Deposit Account,193,Identification Documentation
2020,Kentucky,Depository Institution,Changes Spelling or Arrangement of Name,Deposit Account,4,Identification Documentation
2020,Kentucky,Depository Institution,Multiple Individuals with Same or Similar Identities,Deposit Account,113,Identification Documentation
2020,Kentucky,Depository Institution,Other Identification Documentation,Deposit Account,15,Identification Documentation
2020,Kentucky,Depository Institution,Provided Questionable or False Documentation,Deposit Account,45,Identification Documentation
2020,Kentucky,Depository Institution,Provided Questionable or False Identification,Deposit Account,24,Identification Documentation
2020,Kentucky,Depository Institution,Refused or Avoided Request for Documentation,Deposit Account,34,Identification Documentation
2020,Kentucky,Depository Institution,Single Individual with Multiple Identities,Deposit Account,14,Identification Documentation
2020,Kentucky,Depository Institution,[Total],Deposit Account,249,Identification Documentation
2020,Louisiana,Depository Institution,Changes Spelling or Arrangement of Name,Deposit Account,8,Identification Documentation
2020,Louisiana,Depository Institution,Multiple Individuals with Same or Similar Identities,Deposit Account,213,Identification Documentation
2020,Louisiana,Depository Institution,Other Identification Documentation,Deposit Account,17,Identification Documentation
2020,Louisiana,Depository Institution,Provided Questionable or False Documentation,Deposit Account,96,Identification Documentation
2020,Louisiana,Depository Institution,Provided Questionable or False Identification,Deposit Account,41,Identification Documentation
2020,Louisiana,Depository Institution,Refused or Avoided Request for Documentation,Deposit Account,51,Identification Documentation
2020,Louisiana,Depository Institution,Single Individual with Multiple Identities,Deposit Account,19,Identification Documentation
2020,Louisiana,Depository Institution,[Total],Deposit Account,445,Identification Documentation
2020,Maine,Depository Institution,Multiple Individuals with Same or Similar Identities,Deposit Account,1,Identification Documentation
2020,Maine,Depository Institution,Other Identification Documentation,Deposit Account,2,Identification Documentation
2020,Maine,Depository Institution,Provided Questionable or False Documentation,Deposit Account,6,Identification Documentation
2020,Maine,Depository Institution,Provided Questionable or False Identification,Deposit Account,7,Identification Documentation
2020,Maine,Depository Institution,Refused or Avoided Request for Documentation,Deposit Account,11,Identification Documentation
2020,Maine,Depository Institution,Single Individual with Multiple Identities,Deposit Account,1,Identification Documentation
2020,Maine,Depository Institution,[Total],Deposit Account,28,Identification Documentation
2020,Maryland,Depository Institution,Changes Spelling or Arrangement of Name,Deposit Account,15,Identification Documentation
2020,Maryland,Depository Institution,Multiple Individuals with Same or Similar Identities,Deposit Account,134,Identification Documentation
2020,Maryland,Depository Institution,Other Identification Documentation,Deposit Account,31,Identification Documentation
2020,Maryland,Depository Institution,Provided Questionable or False Documentation,Deposit Account,388,Identification Documentation
2020,Maryland,Depository Institution,Provided Questionable or False Identification,Deposit Account,103,Identification Documentation
2020,Maryland,Depository Institution,Refused or Avoided Request for Documentation,Deposit Account,145,Identification Documentation
2020,Maryland,Depository Institution,Single Individual with Multiple Identities,Deposit Account,52,Identification Documentation
2020,Maryland,Depository Institution,[Total],Deposit Account,868,Identification Documentation
2020,Massachusetts,Depository Institution,Changes Spelling or Arrangement of Name,Deposit Account,15,Identification Documentation
2020,Massachusetts,Depository Institution,Multiple Individuals with Same or Similar Identities,Deposit Account,55,Identification Documentation
2020,Massachusetts,Depository Institution,Other Identification Documentation,Deposit Account,41,Identification Documentation
2020,Massachusetts,Depository Institution,Provided Questionable or False Documentation,Deposit Account,111,Identification Documentation
2020,Massachusetts,Depository Institution,Provided Questionable or False Identification,Deposit Account,98,Identification Documentation
2020,Massachusetts,Depository Institution,Refused or Avoided Request for Documentation,Deposit Account,165,Identification Documentation
2020,Massachusetts,Depository Institution,Single Individual with Multiple Identities,Deposit Account,30,Identification Documentation
2020,Massachusetts,Depository Institution,[Total],Deposit Account,515,Identification Documentation
2020,Michigan,Depository Institution,Changes Spelling or Arrangement of Name,Deposit Account,9,Identification Documentation
2020,Michigan,Depository Institution,Multiple Individuals with Same or Similar Identities,Deposit Account,370,Identification Documentation
2020,Michigan,Depository Institution,Other Identification Documentation,Deposit Account,44,Identification Documentation
2020,Michigan,Depository Institution,Provided Questionable or False Documentation,Deposit Account,175,Identification Documentation
2020,Michigan,Depository Institution,Provided Questionable or False Identification,Deposit Account,111,Identification Documentation
2020,Michigan,Depository Institution,Refused or Avoided Request for Documentation,Deposit Account,194,Identification Documentation
2020,Michigan,Depository Institution,Single Individual with Multiple Identities,Deposit Account,48,Identification Documentation
2020,Michigan,Depository Institution,[Total],Deposit Account,951,Identification Documentation
2020,Minnesota,Depository Institution,Changes Spelling or Arrangement of Name,Deposit Account,8,Identification Documentation
2020,Minnesota,Depository Institution,Multiple Individuals with Same or Similar Identities,Deposit Account,22,Identification Documentation
2020,Minnesota,Depository Institution,Other Identification Documentation,Deposit Account,14,Identification Documentation
2020,Minnesota,Depository Institution,Provided Questionable or False Documentation,Deposit Account,311,Identification Documentation
2020,Minnesota,Depository Institution,Provided Questionable or False Identification,Deposit Account,80,Identification Documentation
2020,Minnesota,Depository Institution,Refused or Avoided Request for Documentation,Deposit Account,63,Identification Documentation
2020,Minnesota,Depository Institution,Single Individual with Multiple Identities,Deposit Account,18,Identification Documentation
2020,Minnesota,Depository Institution,[Total],Deposit Account,516,Identification Documentation
2020,Mississippi,Depository Institution,Changes Spelling or Arrangement of Name,Deposit Account,8,Identification Documentation
2020,Mississippi,Depository Institution,Multiple Individuals with Same or Similar Identities,Deposit Account,2,Identification Documentation
2020,Mississippi,Depository Institution,Other Identification Documentation,Deposit Account,12,Identification Documentation
2020,Mississippi,Depository Institution,Provided Questionable or False Documentation,Deposit Account,92,Identification Documentation
2020,Mississippi,Depository Institution,Provided Questionable or False Identification,Deposit Account,31,Identification Documentation
2020,Mississippi,Depository Institution,Refused or Avoided Request for Documentation,Deposit Account,62,Identification Documentation
2020,Mississippi,Depository Institution,Single Individual with Multiple Identities,Deposit Account,7,Identification Documentation
2020,Mississippi,Depository Institution,[Total],Deposit Account,214,Identification Documentation
2020,Missouri,Depository Institution,Changes Spelling or Arrangement of Name,Deposit Account,7,Identification Documentation
2020,Missouri,Depository Institution,Multiple Individuals with Same or Similar Identities,Deposit Account,12,Identification Documentation
2020,Missouri,Depository Institution,Other Identification Documentation,Deposit Account,31,Identification Documentation
2020,Missouri,Depository Institution,Provided Questionable or False Documentation,Deposit Account,70,Identification Documentation
2020,Missouri,Depository Institution,Provided Questionable or False Identification,Deposit Account,69,Identification Documentation
2020,Missouri,Depository Institution,Refused or Avoided Request for Documentation,Deposit Account,61,Identification Documentation
2020,Missouri,Depository Institution,Single Individual with Multiple Identities,Deposit Account,25,Identification Documentation
2020,Missouri,Depository Institution,[Total],Deposit Account,275,Identification Documentation
2020,Montana,Depository Institution,Changes Spelling or Arrangement of Name,Deposit Account,1,Identification Documentation
2020,Montana,Depository Institution,Other Identification Documentation,Deposit Account,3,Identification Documentation
2020,Montana,Depository Institution,Provided Questionable or False Documentation,Deposit Account,34,Identification Documentation
2020,Montana,Depository Institution,Provided Questionable or False Identification,Deposit Account,7,Identification Documentation
2020,Montana,Depository Institution,Refused or Avoided Request for Documentation,Deposit Account,11,Identification Documentation
2020,Montana,Depository Institution,[Total],Deposit Account,56,Identification Documentation
2020,Nebraska,Depository Institution,Multiple Individuals with Same or Similar Identities,Deposit Account,2,Identification Documentation
2020,Nebraska,Depository Institution,Other Identification Documentation,Deposit Account,3,Identification Documentation
2020,Nebraska,Depository Institution,Provided Questionable or False Documentation,Deposit Account,42,Identification Documentation
2020,Nebraska,Depository Institution,Provided Questionable or False Identification,Deposit Account,39,Identification Documentation
2020,Nebraska,Depository Institution,Refused or Avoided Request for Documentation,Deposit Account,16,Identification Documentation
2020,Nebraska,Depository Institution,Single Individual with Multiple Identities,Deposit Account,7,Identification Documentation
2020,Nebraska,Depository Institution,[Total],Deposit Account,109,Identification Documentation
2020,Nevada,Depository Institution,Changes Spelling or Arrangement of Name,Deposit Account,3,Identification Documentation
2020,Nevada,Depository Institution,Multiple Individuals with Same or Similar Identities,Deposit Account,174,Identification Documentation
2020,Nevada,Depository Institution,Other Identification Documentation,Deposit Account,6,Identification Documentation
2020,Nevada,Depository Institution,Provided Questionable or False Documentation,Deposit Account,302,Identification Documentation
2020,Nevada,Depository Institution,Provided Questionable or False Identification,Deposit Account,64,Identification Documentation
2020,Nevada,Depository Institution,Refused or Avoided Request for Documentation,Deposit Account,110,Identification Documentation
2020,Nevada,Depository Institution,Single Individual with Multiple Identities,Deposit Account,20,Identification Documentation
2020,Nevada,Depository Institution,[Total],Deposit Account,679,Identification Documentation
2020,New Hampshire,Depository Institution,Changes Spelling or Arrangement of Name,Deposit Account,1,Identification Documentation
2020,New Hampshire,Depository Institution,Multiple Individuals with Same or Similar Identities,Deposit Account,3,Identification Documentation
2020,New Hampshire,Depository Institution,Other Identification Documentation,Deposit Account,4,Identification Documentation
2020,New Hampshire,Depository Institution,Provided Questionable or False Documentation,Deposit Account,13,Identification Documentation
2020,New Hampshire,Depository Institution,Provided Questionable or False Identification,Deposit Account,11,Identification Documentation
2020,New Hampshire,Depository Institution,Refused or Avoided Request for Documentation,Deposit Account,45,Identification Documentation
2020,New Hampshire,Depository Institution,Single Individual with Multiple Identities,Deposit Account,1,Identification Documentation
2020,New Hampshire,Depository Institution,[Total],Deposit Account,78,Identification Documentation
2020,New Jersey,Depository Institution,Changes Spelling or Arrangement of Name,Deposit Account,12,Identification Documentation
2020,New Jersey,Depository Institution,Multiple Individuals with Same or Similar Identities,Deposit Account,576,Identification Documentation
2020,New Jersey,Depository Institution,Other Identification Documentation,Deposit Account,50,Identification Documentation
2020,New Jersey,Depository Institution,Provided Questionable or False Documentation,Deposit Account,728,Identification Documentation
2020,New Jersey,Depository Institution,Provided Questionable or False Identification,Deposit Account,144,Identification Documentation
2020,New Jersey,Depository Institution,Refused or Avoided Request for Documentation,Deposit Account,288,Identification Documentation
2020,New Jersey,Depository Institution,Single Individual with Multiple Identities,Deposit Account,59,Identification Documentation
2020,New Jersey,Depository Institution,[Total],Deposit Account,"1,857",Identification Documentation
2020,New Mexico,Depository Institution,Changes Spelling or Arrangement of Name,Deposit Account,3,Identification Documentation
2020,New Mexico,Depository Institution,Multiple Individuals with Same or Similar Identities,Deposit Account,1,Identification Documentation
2020,New Mexico,Depository Institution,Other Identification Documentation,Deposit Account,7,Identification Documentation
2020,New Mexico,Depository Institution,Provided Questionable or False Documentation,Deposit Account,53,Identification Documentation
2020,New Mexico,Depository Institution,Provided Questionable or False Identification,Deposit Account,10,Identification Documentation
2020,New Mexico,Depository Institution,Refused or Avoided Request for Documentation,Deposit Account,24,Identification Documentation
2020,New Mexico,Depository Institution,Single Individual with Multiple Identities,Deposit Account,2,Identification Documentation
2020,New Mexico,Depository Institution,[Total],Deposit Account,100,Identification Documentation
2020,New York,Depository Institution,Changes Spelling or Arrangement of Name,Deposit Account,23,Identification Documentation
2020,New York,Depository Institution,Multiple Individuals with Same or Similar Identities,Deposit Account,"2,672",Identification Documentation
2020,New York,Depository Institution,Other Identification Documentation,Deposit Account,77,Identification Documentation
2020,New York,Depository Institution,Provided Questionable or False Documentation,Deposit Account,"1,004",Identification Documentation
2020,New York,Depository Institution,Provided Questionable or False Identification,Deposit Account,323,Identification Documentation
2020,New York,Depository Institution,Refused or Avoided Request for Documentation,Deposit Account,628,Identification Documentation
2020,New York,Depository Institution,Single Individual with Multiple Identities,Deposit Account,86,Identification Documentation
2020,New York,Depository Institution,[Total],Deposit Account,"4,813",Identification Documentation
2020,North Carolina,Depository Institution,Changes Spelling or Arrangement of Name,Deposit Account,15,Identification Documentation
2020,North Carolina,Depository Institution,Multiple Individuals with Same or Similar Identities,Deposit Account,42,Identification Documentation
2020,North Carolina,Depository Institution,Other Identification Documentation,Deposit Account,87,Identification Documentation
2020,North Carolina,Depository Institution,Provided Questionable or False Documentation,Deposit Account,753,Identification Documentation
2020,North Carolina,Depository Institution,Provided Questionable or False Identification,Deposit Account,203,Identification Documentation
2020,North Carolina,Depository Institution,Refused or Avoided Request for Documentation,Deposit Account,187,Identification Documentation
2020,North Carolina,Depository Institution,Single Individual with Multiple Identities,Deposit Account,55,Identification Documentation
2020,North Carolina,Depository Institution,[Total],Deposit Account,"1,342",Identification Documentation
2020,North Dakota,Depository Institution,Other Identification Documentation,Deposit Account,4,Identification Documentation
2020,North Dakota,Depository Institution,Provided Questionable or False Documentation,Deposit Account,10,Identification Documentation
2020,North Dakota,Depository Institution,Provided Questionable or False Identification,Deposit Account,4,Identification Documentation
2020,North Dakota,Depository Institution,Refused or Avoided Request for Documentation,Deposit Account,28,Identification Documentation
2020,North Dakota,Depository Institution,Single Individual with Multiple Identities,Deposit Account,1,Identification Documentation
2020,North Dakota,Depository Institution,[Total],Deposit Account,47,Identification Documentation
2020,Ohio,Depository Institution,Changes Spelling or Arrangement of Name,Deposit Account,22,Identification Documentation
2020,Ohio,Depository Institution,Multiple Individuals with Same or Similar Identities,Deposit Account,"10,172",Identification Documentation
2020,Ohio,Depository Institution,Other Identification Documentation,Deposit Account,69,Identification Documentation
2020,Ohio,Depository Institution,Provided Questionable or False Documentation,Deposit Account,"2,309",Identification Documentation
2020,Ohio,Depository Institution,Provided Questionable or False Identification,Deposit Account,278,Identification Documentation
2020,Ohio,Depository Institution,Refused or Avoided Request for Documentation,Deposit Account,202,Identification Documentation
2020,Ohio,Depository Institution,Single Individual with Multiple Identities,Deposit Account,90,Identification Documentation
2020,Ohio,Depository Institution,[Total],Deposit Account,"13,142",Identification Documentation
2020,Oklahoma,Depository Institution,Changes Spelling or Arrangement of Name,Deposit Account,7,Identification Documentation
2020,Oklahoma,Depository Institution,Multiple Individuals with Same or Similar Identities,Deposit Account,54,Identification Documentation
2020,Oklahoma,Depository Institution,Other Identification Documentation,Deposit Account,30,Identification Documentation
2020,Oklahoma,Depository Institution,Provided Questionable or False Documentation,Deposit Account,81,Identification Documentation
2020,Oklahoma,Depository Institution,Provided Questionable or False Identification,Deposit Account,52,Identification Documentation
2020,Oklahoma,Depository Institution,Refused or Avoided Request for Documentation,Deposit Account,106,Identification Documentation
2020,Oklahoma,Depository Institution,Single Individual with Multiple Identities,Deposit Account,17,Identification Documentation
2020,Oklahoma,Depository Institution,[Total],Deposit Account,347,Identification Documentation
2020,Oregon,Depository Institution,Changes Spelling or Arrangement of Name,Deposit Account,6,Identification Documentation
2020,Oregon,Depository Institution,Multiple Individuals with Same or Similar Identities,Deposit Account,104,Identification Documentation
2020,Oregon,Depository Institution,Other Identification Documentation,Deposit Account,36,Identification Documentation
2020,Oregon,Depository Institution,Provided Questionable or False Documentation,Deposit Account,163,Identification Documentation
2020,Oregon,Depository Institution,Provided Questionable or False Identification,Deposit Account,78,Identification Documentation
2020,Oregon,Depository Institution,Refused or Avoided Request for Documentation,Deposit Account,72,Identification Documentation
2020,Oregon,Depository Institution,Single Individual with Multiple Identities,Deposit Account,18,Identification Documentation
2020,Oregon,Depository Institution,[Total],Deposit Account,477,Identification Documentation
2020,Pennsylvania,Depository Institution,Changes Spelling or Arrangement of Name,Deposit Account,19,Identification Documentation
2020,Pennsylvania,Depository Institution,Multiple Individuals with Same or Similar Identities,Deposit Account,445,Identification Documentation
2020,Pennsylvania,Depository Institution,Other Identification Documentation,Deposit Account,201,Identification Documentation
2020,Pennsylvania,Depository Institution,Provided Questionable or False Documentation,Deposit Account,538,Identification Documentation
2020,Pennsylvania,Depository Institution,Provided Questionable or False Identification,Deposit Account,166,Identification Documentation
2020,Pennsylvania,Depository Institution,Refused or Avoided Request for Documentation,Deposit Account,366,Identification Documentation
2020,Pennsylvania,Depository Institution,Single Individual with Multiple Identities,Deposit Account,219,Identification Documentation
2020,Pennsylvania,Depository Institution,[Total],Deposit Account,"1,954",Identification Documentation
2020,Rhode Island,Depository Institution,Changes Spelling or Arrangement of Name,Deposit Account,1,Identification Documentation
2020,Rhode Island,Depository Institution,Multiple Individuals with Same or Similar Identities,Deposit Account,11,Identification Documentation
2020,Rhode Island,Depository Institution,Other Identification Documentation,Deposit Account,1,Identification Documentation
2020,Rhode Island,Depository Institution,Provided Questionable or False Documentation,Deposit Account,26,Identification Documentation
2020,Rhode Island,Depository Institution,Provided Questionable or False Identification,Deposit Account,13,Identification Documentation
2020,Rhode Island,Depository Institution,Refused or Avoided Request for Documentation,Deposit Account,7,Identification Documentation
2020,Rhode Island,Depository Institution,Single Individual with Multiple Identities,Deposit Account,3,Identification Documentation
2020,Rhode Island,Depository Institution,[Total],Deposit Account,62,Identification Documentation
2020,South Carolina,Depository Institution,Changes Spelling or Arrangement of Name,Deposit Account,4,Identification Documentation
2020,South Carolina,Depository Institution,Multiple Individuals with Same or Similar Identities,Deposit Account,12,Identification Documentation
2020,South Carolina,Depository Institution,Other Identification Documentation,Deposit Account,8,Identification Documentation
2020,South Carolina,Depository Institution,Provided Questionable or False Documentation,Deposit Account,192,Identification Documentation
2020,South Carolina,Depository Institution,Provided Questionable or False Identification,Deposit Account,49,Identification Documentation
2020,South Carolina,Depository Institution,Refused or Avoided Request for Documentation,Deposit Account,44,Identification Documentation
2020,South Carolina,Depository Institution,Single Individual with Multiple Identities,Deposit Account,19,Identification Documentation
2020,South Carolina,Depository Institution,[Total],Deposit Account,328,Identification Documentation
2020,South Dakota,Depository Institution,Changes Spelling or Arrangement of Name,Deposit Account,2,Identification Documentation
2020,South Dakota,Depository Institution,Multiple Individuals with Same or Similar Identities,Deposit Account,3,Identification Documentation
2020,South Dakota,Depository Institution,Other Identification Documentation,Deposit Account,6,Identification Documentation
2020,South Dakota,Depository Institution,Provided Questionable or False Documentation,Deposit Account,42,Identification Documentation
2020,South Dakota,Depository Institution,Provided Questionable or False Identification,Deposit Account,16,Identification Documentation
2020,South Dakota,Depository Institution,Refused or Avoided Request for Documentation,Deposit Account,9,Identification Documentation
2020,South Dakota,Depository Institution,Single Individual with Multiple Identities,Deposit Account,6,Identification Documentation
2020,South Dakota,Depository Institution,[Total],Deposit Account,84,Identification Documentation
2020,Tennessee,Depository Institution,Changes Spelling or Arrangement of Name,Deposit Account,5,Identification Documentation
2020,Tennessee,Depository Institution,Multiple Individuals with Same or Similar Identities,Deposit Account,18,Identification Documentation
2020,Tennessee,Depository Institution,Other Identification Documentation,Deposit Account,11,Identification Documentation
2020,Tennessee,Depository Institution,Provided Questionable or False Documentation,Deposit Account,120,Identification Documentation
2020,Tennessee,Depository Institution,Provided Questionable or False Identification,Deposit Account,54,Identification Documentation
2020,Tennessee,Depository Institution,Refused or Avoided Request for Documentation,Deposit Account,50,Identification Documentation
2020,Tennessee,Depository Institution,Single Individual with Multiple Identities,Deposit Account,17,Identification Documentation
2020,Tennessee,Depository Institution,[Total],Deposit Account,275,Identification Documentation
2020,Texas,Depository Institution,Changes Spelling or Arrangement of Name,Deposit Account,39,Identification Documentation
2020,Texas,Depository Institution,Multiple Individuals with Same or Similar Identities,Deposit Account,"1,205",Identification Documentation
2020,Texas,Depository Institution,Other Identification Documentation,Deposit Account,122,Identification Documentation
2020,Texas,Depository Institution,Provided Questionable or False Documentation,Deposit Account,"1,244",Identification Documentation
2020,Texas,Depository Institution,Provided Questionable or False Identification,Deposit Account,362,Identification Documentation
2020,Texas,Depository Institution,Refused or Avoided Request for Documentation,Deposit Account,627,Identification Documentation
2020,Texas,Depository Institution,Single Individual with Multiple Identities,Deposit Account,105,Identification Documentation
2020,Texas,Depository Institution,[Total],Deposit Account,"3,704",Identification Documentation
2020,Utah,Depository Institution,Changes Spelling or Arrangement of Name,Deposit Account,4,Identification Documentation
2020,Utah,Depository Institution,Multiple Individuals with Same or Similar Identities,Deposit Account,83,Identification Documentation
2020,Utah,Depository Institution,Other Identification Documentation,Deposit Account,11,Identification Documentation
2020,Utah,Depository Institution,Provided Questionable or False Documentation,Deposit Account,82,Identification Documentation
2020,Utah,Depository Institution,Provided Questionable or False Identification,Deposit Account,46,Identification Documentation
2020,Utah,Depository Institution,Refused or Avoided Request for Documentation,Deposit Account,18,Identification Documentation
2020,Utah,Depository Institution,Single Individual with Multiple Identities,Deposit Account,16,Identification Documentation
2020,Utah,Depository Institution,[Total],Deposit Account,260,Identification Documentation
2020,Vermont,Depository Institution,Other Identification Documentation,Deposit Account,1,Identification Documentation
2020,Vermont,Depository Institution,Provided Questionable or False Documentation,Deposit Account,9,Identification Documentation
2020,Vermont,Depository Institution,Provided Questionable or False Identification,Deposit Account,5,Identification Documentation
2020,Vermont,Depository Institution,Refused or Avoided Request for Documentation,Deposit Account,1,Identification Documentation
2020,Vermont,Depository Institution,[Total],Deposit Account,16,Identification Documentation
2020,Virginia,Depository Institution,Changes Spelling or Arrangement of Name,Deposit Account,15,Identification Documentation
2020,Virginia,Depository Institution,Multiple Individuals with Same or Similar Identities,Deposit Account,71,Identification Documentation
2020,Virginia,Depository Institution,Other Identification Documentation,Deposit Account,37,Identification Documentation
2020,Virginia,Depository Institution,Provided Questionable or False Documentation,Deposit Account,528,Identification Documentation
2020,Virginia,Depository Institution,Provided Questionable or False Identification,Deposit Account,217,Identification Documentation
2020,Virginia,Depository Institution,Refused or Avoided Request for Documentation,Deposit Account,158,Identification Documentation
2020,Virginia,Depository Institution,Single Individual with Multiple Identities,Deposit Account,69,Identification Documentation
2020,Virginia,Depository Institution,[Total],Deposit Account,"1,095",Identification Documentation
2020,Washington,Depository Institution,Changes Spelling or Arrangement of Name,Deposit Account,7,Identification Documentation
2020,Washington,Depository Institution,Multiple Individuals with Same or Similar Identities,Deposit Account,202,Identification Documentation
2020,Washington,Depository Institution,Other Identification Documentation,Deposit Account,22,Identification Documentation
2020,Washington,Depository Institution,Provided Questionable or False Documentation,Deposit Account,257,Identification Documentation
2020,Washington,Depository Institution,Provided Questionable or False Identification,Deposit Account,132,Identification Documentation
2020,Washington,Depository Institution,Refused or Avoided Request for Documentation,Deposit Account,145,Identification Documentation
2020,Washington,Depository Institution,Single Individual with Multiple Identities,Deposit Account,36,Identification Documentation
2020,Washington,Depository Institution,[Total],Deposit Account,801,Identification Documentation
2020,West Virginia,Depository Institution,Changes Spelling or Arrangement of Name,Deposit Account,1,Identification Documentation
2020,West Virginia,Depository Institution,Multiple Individuals with Same or Similar Identities,Deposit Account,61,Identification Documentation
2020,West Virginia,Depository Institution,Other Identification Documentation,Deposit Account,14,Identification Documentation
2020,West Virginia,Depository Institution,Provided Questionable or False Documentation,Deposit Account,32,Identification Documentation
2020,West Virginia,Depository Institution,Provided Questionable or False Identification,Deposit Account,52,Identification Documentation
2020,West Virginia,Depository Institution,Refused or Avoided Request for Documentation,Deposit Account,6,Identification Documentation
2020,West Virginia,Depository Institution,Single Individual with Multiple Identities,Deposit Account,1,Identification Documentation
2020,West Virginia,Depository Institution,[Total],Deposit Account,167,Identification Documentation
2020,Wisconsin,Depository Institution,Changes Spelling or Arrangement of Name,Deposit Account,6,Identification Documentation
2020,Wisconsin,Depository Institution,Multiple Individuals with Same or Similar Identities,Deposit Account,104,Identification Documentation
2020,Wisconsin,Depository Institution,Other Identification Documentation,Deposit Account,22,Identification Documentation
2020,Wisconsin,Depository Institution,Provided Questionable or False Documentation,Deposit Account,143,Identification Documentation
2020,Wisconsin,Depository Institution,Provided Questionable or False Identification,Deposit Account,73,Identification Documentation
2020,Wisconsin,Depository Institution,Refused or Avoided Request for Documentation,Deposit Account,52,Identification Documentation
2020,Wisconsin,Depository Institution,Single Individual with Multiple Identities,Deposit Account,23,Identification Documentation
2020,Wisconsin,Depository Institution,[Total],Deposit Account,423,Identification Documentation
2020,Wyoming,Depository Institution,Multiple Individuals with Same or Similar Identities,Deposit Account,1,Identification Documentation
2020,Wyoming,Depository Institution,Other Identification Documentation,Deposit Account,1,Identification Documentation
2020,Wyoming,Depository Institution,Provided Questionable or False Documentation,Deposit Account,7,Identification Documentation
2020,Wyoming,Depository Institution,Provided Questionable or False Identification,Deposit Account,8,Identification Documentation
2020,Wyoming,Depository Institution,Refused or Avoided Request for Documentation,Deposit Account,1,Identification Documentation
2020,Wyoming,Depository Institution,Single Individual with Multiple Identities,Deposit Account,2,Identification Documentation
2020,Wyoming,Depository Institution,[Total],Deposit Account,20,Identification Documentation
2020,[Total],Depository Institution,[Total],Deposit Account,"63,628",Identification Documentation
All Years [Total],[Total],Depository Institution,[Total],Deposit Account,"63,628",Identification Documentation
