Year Month,State,Industry,Suspicious Activity,Product,Count,Type
2020,Alabama,Depository Institution,Exchanges Small Bills for Large Bills or Vice Versa,Deposit Account,69,Money Laundering
2020,Alabama,Depository Institution,Funnel Account,Deposit Account,529,Money Laundering
2020,Alabama,Depository Institution,Other Money Laundering,Deposit Account,"1,591",Money Laundering
2020,Alabama,Depository Institution,Suspicion Concerning the Physical Condition of Funds,Deposit Account,55,Money Laundering
2020,Alabama,Depository Institution,Suspicion Concerning the Source of Funds,Deposit Account,"4,315",Money Laundering
2020,Alabama,Depository Institution,"Suspicious Designation of Beneficiaries, Assignees or Joint Owners",Deposit Account,73,Money Laundering
2020,Alabama,Depository Institution,Suspicious EFT/Wire Transfers,Deposit Account,"3,735",Money Laundering
2020,Alabama,Depository Institution,Suspicious Exchange of Currencies,Deposit Account,41,Money Laundering
2020,Alabama,Depository Institution,Suspicious Receipt of Government Payments/Benefits,Deposit Account,"2,456",Money Laundering
2020,Alabama,Depository Institution,Suspicious Use of Multiple Accounts,Deposit Account,"1,002",Money Laundering
2020,Alabama,Depository Institution,Suspicious Use of Noncash Monetary Instruments,Deposit Account,953,Money Laundering
2020,Alabama,Depository Institution,Suspicious Use of Third-Party Transactors (Straw-Man),Deposit Account,134,Money Laundering
2020,Alabama,Depository Institution,Trade Based Money Laundering/Black Market Peso Exchange,Deposit Account,16,Money Laundering
2020,Alabama,Depository Institution,Transaction Out of Pattern for Customer(s),Deposit Account,"3,947",Money Laundering
2020,Alabama,Depository Institution,[Total],Deposit Account,"18,916",Money Laundering
2020,Alaska,Depository Institution,Exchanges Small Bills for Large Bills or Vice Versa,Deposit Account,39,Money Laundering
2020,Alaska,Depository Institution,Funnel Account,Deposit Account,111,Money Laundering
2020,Alaska,Depository Institution,Other Money Laundering,Deposit Account,169,Money Laundering
2020,Alaska,Depository Institution,Suspicion Concerning the Physical Condition of Funds,Deposit Account,7,Money Laundering
2020,Alaska,Depository Institution,Suspicion Concerning the Source of Funds,Deposit Account,800,Money Laundering
2020,Alaska,Depository Institution,"Suspicious Designation of Beneficiaries, Assignees or Joint Owners",Deposit Account,6,Money Laundering
2020,Alaska,Depository Institution,Suspicious EFT/Wire Transfers,Deposit Account,461,Money Laundering
2020,Alaska,Depository Institution,Suspicious Exchange of Currencies,Deposit Account,11,Money Laundering
2020,Alaska,Depository Institution,Suspicious Receipt of Government Payments/Benefits,Deposit Account,60,Money Laundering
2020,Alaska,Depository Institution,Suspicious Use of Multiple Accounts,Deposit Account,191,Money Laundering
2020,Alaska,Depository Institution,Suspicious Use of Noncash Monetary Instruments,Deposit Account,238,Money Laundering
2020,Alaska,Depository Institution,Suspicious Use of Third-Party Transactors (Straw-Man),Deposit Account,42,Money Laundering
2020,Alaska,Depository Institution,Trade Based Money Laundering/Black Market Peso Exchange,Deposit Account,1,Money Laundering
2020,Alaska,Depository Institution,Transaction Out of Pattern for Customer(s),Deposit Account,496,Money Laundering
2020,Alaska,Depository Institution,[Total],Deposit Account,"2,632",Money Laundering
2020,Arizona,Depository Institution,Exchanges Small Bills for Large Bills or Vice Versa,Deposit Account,174,Money Laundering
2020,Arizona,Depository Institution,Funnel Account,Deposit Account,508,Money Laundering
2020,Arizona,Depository Institution,Other Money Laundering,Deposit Account,260,Money Laundering
2020,Arizona,Depository Institution,Suspicion Concerning the Physical Condition of Funds,Deposit Account,66,Money Laundering
2020,Arizona,Depository Institution,Suspicion Concerning the Source of Funds,Deposit Account,"6,659",Money Laundering
2020,Arizona,Depository Institution,"Suspicious Designation of Beneficiaries, Assignees or Joint Owners",Deposit Account,66,Money Laundering
2020,Arizona,Depository Institution,Suspicious EFT/Wire Transfers,Deposit Account,"4,952",Money Laundering
2020,Arizona,Depository Institution,Suspicious Exchange of Currencies,Deposit Account,45,Money Laundering
2020,Arizona,Depository Institution,Suspicious Receipt of Government Payments/Benefits,Deposit Account,"1,083",Money Laundering
2020,Arizona,Depository Institution,Suspicious Use of Multiple Accounts,Deposit Account,"2,460",Money Laundering
2020,Arizona,Depository Institution,Suspicious Use of Noncash Monetary Instruments,Deposit Account,"2,906",Money Laundering
2020,Arizona,Depository Institution,Suspicious Use of Third-Party Transactors (Straw-Man),Deposit Account,121,Money Laundering
2020,Arizona,Depository Institution,Trade Based Money Laundering/Black Market Peso Exchange,Deposit Account,69,Money Laundering
2020,Arizona,Depository Institution,Transaction Out of Pattern for Customer(s),Deposit Account,"3,834",Money Laundering
2020,Arizona,Depository Institution,[Total],Deposit Account,"23,203",Money Laundering
2020,Arkansas,Depository Institution,Exchanges Small Bills for Large Bills or Vice Versa,Deposit Account,31,Money Laundering
2020,Arkansas,Depository Institution,Funnel Account,Deposit Account,206,Money Laundering
2020,Arkansas,Depository Institution,Other Money Laundering,Deposit Account,840,Money Laundering
2020,Arkansas,Depository Institution,Suspicion Concerning the Physical Condition of Funds,Deposit Account,17,Money Laundering
2020,Arkansas,Depository Institution,Suspicion Concerning the Source of Funds,Deposit Account,"1,984",Money Laundering
2020,Arkansas,Depository Institution,"Suspicious Designation of Beneficiaries, Assignees or Joint Owners",Deposit Account,55,Money Laundering
2020,Arkansas,Depository Institution,Suspicious EFT/Wire Transfers,Deposit Account,"1,190",Money Laundering
2020,Arkansas,Depository Institution,Suspicious Exchange of Currencies,Deposit Account,17,Money Laundering
2020,Arkansas,Depository Institution,Suspicious Receipt of Government Payments/Benefits,Deposit Account,424,Money Laundering
2020,Arkansas,Depository Institution,Suspicious Use of Multiple Accounts,Deposit Account,389,Money Laundering
2020,Arkansas,Depository Institution,Suspicious Use of Noncash Monetary Instruments,Deposit Account,361,Money Laundering
2020,Arkansas,Depository Institution,Suspicious Use of Third-Party Transactors (Straw-Man),Deposit Account,53,Money Laundering
2020,Arkansas,Depository Institution,Trade Based Money Laundering/Black Market Peso Exchange,Deposit Account,9,Money Laundering
2020,Arkansas,Depository Institution,Transaction Out of Pattern for Customer(s),Deposit Account,"1,915",Money Laundering
2020,Arkansas,Depository Institution,[Total],Deposit Account,"7,491",Money Laundering
2020,California,Depository Institution,Exchanges Small Bills for Large Bills or Vice Versa,Deposit Account,"2,158",Money Laundering
2020,California,Depository Institution,Funnel Account,Deposit Account,"2,358",Money Laundering
2020,California,Depository Institution,Other Money Laundering,Deposit Account,"3,039",Money Laundering
2020,California,Depository Institution,Suspicion Concerning the Physical Condition of Funds,Deposit Account,750,Money Laundering
2020,California,Depository Institution,Suspicion Concerning the Source of Funds,Deposit Account,"59,257",Money Laundering
2020,California,Depository Institution,"Suspicious Designation of Beneficiaries, Assignees or Joint Owners",Deposit Account,472,Money Laundering
2020,California,Depository Institution,Suspicious EFT/Wire Transfers,Deposit Account,"43,360",Money Laundering
2020,California,Depository Institution,Suspicious Exchange of Currencies,Deposit Account,369,Money Laundering
2020,California,Depository Institution,Suspicious Receipt of Government Payments/Benefits,Deposit Account,"7,450",Money Laundering
2020,California,Depository Institution,Suspicious Use of Multiple Accounts,Deposit Account,"21,004",Money Laundering
2020,California,Depository Institution,Suspicious Use of Noncash Monetary Instruments,Deposit Account,"17,603",Money Laundering
2020,California,Depository Institution,Suspicious Use of Third-Party Transactors (Straw-Man),Deposit Account,573,Money Laundering
2020,California,Depository Institution,Trade Based Money Laundering/Black Market Peso Exchange,Deposit Account,295,Money Laundering
2020,California,Depository Institution,Transaction Out of Pattern for Customer(s),Deposit Account,"38,660",Money Laundering
2020,California,Depository Institution,[Total],Deposit Account,"197,348",Money Laundering
2020,Colorado,Depository Institution,Exchanges Small Bills for Large Bills or Vice Versa,Deposit Account,132,Money Laundering
2020,Colorado,Depository Institution,Funnel Account,Deposit Account,309,Money Laundering
2020,Colorado,Depository Institution,Other Money Laundering,Deposit Account,821,Money Laundering
2020,Colorado,Depository Institution,Suspicion Concerning the Physical Condition of Funds,Deposit Account,78,Money Laundering
2020,Colorado,Depository Institution,Suspicion Concerning the Source of Funds,Deposit Account,"5,327",Money Laundering
2020,Colorado,Depository Institution,"Suspicious Designation of Beneficiaries, Assignees or Joint Owners",Deposit Account,88,Money Laundering
2020,Colorado,Depository Institution,Suspicious EFT/Wire Transfers,Deposit Account,"3,696",Money Laundering
2020,Colorado,Depository Institution,Suspicious Exchange of Currencies,Deposit Account,39,Money Laundering
2020,Colorado,Depository Institution,Suspicious Receipt of Government Payments/Benefits,Deposit Account,566,Money Laundering
2020,Colorado,Depository Institution,Suspicious Use of Multiple Accounts,Deposit Account,"1,855",Money Laundering
2020,Colorado,Depository Institution,Suspicious Use of Noncash Monetary Instruments,Deposit Account,"2,020",Money Laundering
2020,Colorado,Depository Institution,Suspicious Use of Third-Party Transactors (Straw-Man),Deposit Account,90,Money Laundering
2020,Colorado,Depository Institution,Trade Based Money Laundering/Black Market Peso Exchange,Deposit Account,42,Money Laundering
2020,Colorado,Depository Institution,Transaction Out of Pattern for Customer(s),Deposit Account,"4,325",Money Laundering
2020,Colorado,Depository Institution,[Total],Deposit Account,"19,388",Money Laundering
2020,Connecticut,Depository Institution,Exchanges Small Bills for Large Bills or Vice Versa,Deposit Account,73,Money Laundering
2020,Connecticut,Depository Institution,Funnel Account,Deposit Account,169,Money Laundering
2020,Connecticut,Depository Institution,Other Money Laundering,Deposit Account,670,Money Laundering
2020,Connecticut,Depository Institution,Suspicion Concerning the Physical Condition of Funds,Deposit Account,45,Money Laundering
2020,Connecticut,Depository Institution,Suspicion Concerning the Source of Funds,Deposit Account,"3,544",Money Laundering
2020,Connecticut,Depository Institution,"Suspicious Designation of Beneficiaries, Assignees or Joint Owners",Deposit Account,28,Money Laundering
2020,Connecticut,Depository Institution,Suspicious EFT/Wire Transfers,Deposit Account,"1,981",Money Laundering
2020,Connecticut,Depository Institution,Suspicious Exchange of Currencies,Deposit Account,29,Money Laundering
2020,Connecticut,Depository Institution,Suspicious Receipt of Government Payments/Benefits,Deposit Account,478,Money Laundering
2020,Connecticut,Depository Institution,Suspicious Use of Multiple Accounts,Deposit Account,"1,318",Money Laundering
2020,Connecticut,Depository Institution,Suspicious Use of Noncash Monetary Instruments,Deposit Account,785,Money Laundering
2020,Connecticut,Depository Institution,Suspicious Use of Third-Party Transactors (Straw-Man),Deposit Account,50,Money Laundering
2020,Connecticut,Depository Institution,Trade Based Money Laundering/Black Market Peso Exchange,Deposit Account,35,Money Laundering
2020,Connecticut,Depository Institution,Transaction Out of Pattern for Customer(s),Deposit Account,"3,788",Money Laundering
2020,Connecticut,Depository Institution,[Total],Deposit Account,"12,993",Money Laundering
2020,Delaware,Depository Institution,Exchanges Small Bills for Large Bills or Vice Versa,Deposit Account,21,Money Laundering
2020,Delaware,Depository Institution,Funnel Account,Deposit Account,"2,433",Money Laundering
2020,Delaware,Depository Institution,Other Money Laundering,Deposit Account,"3,285",Money Laundering
2020,Delaware,Depository Institution,Suspicion Concerning the Physical Condition of Funds,Deposit Account,69,Money Laundering
2020,Delaware,Depository Institution,Suspicion Concerning the Source of Funds,Deposit Account,"7,288",Money Laundering
2020,Delaware,Depository Institution,"Suspicious Designation of Beneficiaries, Assignees or Joint Owners",Deposit Account,174,Money Laundering
2020,Delaware,Depository Institution,Suspicious EFT/Wire Transfers,Deposit Account,"5,288",Money Laundering
2020,Delaware,Depository Institution,Suspicious Exchange of Currencies,Deposit Account,20,Money Laundering
2020,Delaware,Depository Institution,Suspicious Receipt of Government Payments/Benefits,Deposit Account,"1,454",Money Laundering
2020,Delaware,Depository Institution,Suspicious Use of Multiple Accounts,Deposit Account,"2,058",Money Laundering
2020,Delaware,Depository Institution,Suspicious Use of Noncash Monetary Instruments,Deposit Account,"1,371",Money Laundering
2020,Delaware,Depository Institution,Suspicious Use of Third-Party Transactors (Straw-Man),Deposit Account,79,Money Laundering
2020,Delaware,Depository Institution,Trade Based Money Laundering/Black Market Peso Exchange,Deposit Account,28,Money Laundering
2020,Delaware,Depository Institution,Transaction Out of Pattern for Customer(s),Deposit Account,"3,222",Money Laundering
2020,Delaware,Depository Institution,[Total],Deposit Account,"26,790",Money Laundering
2020,District of Columbia,Depository Institution,Exchanges Small Bills for Large Bills or Vice Versa,Deposit Account,68,Money Laundering
2020,District of Columbia,Depository Institution,Funnel Account,Deposit Account,105,Money Laundering
2020,District of Columbia,Depository Institution,Other Money Laundering,Deposit Account,199,Money Laundering
2020,District of Columbia,Depository Institution,Suspicion Concerning the Physical Condition of Funds,Deposit Account,21,Money Laundering
2020,District of Columbia,Depository Institution,Suspicion Concerning the Source of Funds,Deposit Account,"1,598",Money Laundering
2020,District of Columbia,Depository Institution,"Suspicious Designation of Beneficiaries, Assignees or Joint Owners",Deposit Account,18,Money Laundering
2020,District of Columbia,Depository Institution,Suspicious EFT/Wire Transfers,Deposit Account,"1,265",Money Laundering
2020,District of Columbia,Depository Institution,Suspicious Exchange of Currencies,Deposit Account,15,Money Laundering
2020,District of Columbia,Depository Institution,Suspicious Receipt of Government Payments/Benefits,Deposit Account,202,Money Laundering
2020,District of Columbia,Depository Institution,Suspicious Use of Multiple Accounts,Deposit Account,563,Money Laundering
2020,District of Columbia,Depository Institution,Suspicious Use of Noncash Monetary Instruments,Deposit Account,586,Money Laundering
2020,District of Columbia,Depository Institution,Suspicious Use of Third-Party Transactors (Straw-Man),Deposit Account,39,Money Laundering
2020,District of Columbia,Depository Institution,Trade Based Money Laundering/Black Market Peso Exchange,Deposit Account,22,Money Laundering
2020,District of Columbia,Depository Institution,Transaction Out of Pattern for Customer(s),Deposit Account,827,Money Laundering
2020,District of Columbia,Depository Institution,[Total],Deposit Account,"5,528",Money Laundering
2020,Florida,Depository Institution,Exchanges Small Bills for Large Bills or Vice Versa,Deposit Account,"1,007",Money Laundering
2020,Florida,Depository Institution,Funnel Account,Deposit Account,"1,829",Money Laundering
2020,Florida,Depository Institution,Other Money Laundering,Deposit Account,"4,278",Money Laundering
2020,Florida,Depository Institution,Suspicion Concerning the Physical Condition of Funds,Deposit Account,440,Money Laundering
2020,Florida,Depository Institution,Suspicion Concerning the Source of Funds,Deposit Account,"25,744",Money Laundering
2020,Florida,Depository Institution,"Suspicious Designation of Beneficiaries, Assignees or Joint Owners",Deposit Account,338,Money Laundering
2020,Florida,Depository Institution,Suspicious EFT/Wire Transfers,Deposit Account,"20,091",Money Laundering
2020,Florida,Depository Institution,Suspicious Exchange of Currencies,Deposit Account,204,Money Laundering
2020,Florida,Depository Institution,Suspicious Receipt of Government Payments/Benefits,Deposit Account,"6,048",Money Laundering
2020,Florida,Depository Institution,Suspicious Use of Multiple Accounts,Deposit Account,"9,430",Money Laundering
2020,Florida,Depository Institution,Suspicious Use of Noncash Monetary Instruments,Deposit Account,"7,330",Money Laundering
2020,Florida,Depository Institution,Suspicious Use of Third-Party Transactors (Straw-Man),Deposit Account,602,Money Laundering
2020,Florida,Depository Institution,Trade Based Money Laundering/Black Market Peso Exchange,Deposit Account,398,Money Laundering
2020,Florida,Depository Institution,Transaction Out of Pattern for Customer(s),Deposit Account,"14,936",Money Laundering
2020,Florida,Depository Institution,[Total],Deposit Account,"92,675",Money Laundering
2020,Georgia,Depository Institution,Exchanges Small Bills for Large Bills or Vice Versa,Deposit Account,406,Money Laundering
2020,Georgia,Depository Institution,Funnel Account,Deposit Account,917,Money Laundering
2020,Georgia,Depository Institution,Other Money Laundering,Deposit Account,"1,761",Money Laundering
2020,Georgia,Depository Institution,Suspicion Concerning the Physical Condition of Funds,Deposit Account,158,Money Laundering
2020,Georgia,Depository Institution,Suspicion Concerning the Source of Funds,Deposit Account,"12,057",Money Laundering
2020,Georgia,Depository Institution,"Suspicious Designation of Beneficiaries, Assignees or Joint Owners",Deposit Account,216,Money Laundering
2020,Georgia,Depository Institution,Suspicious EFT/Wire Transfers,Deposit Account,"9,798",Money Laundering
2020,Georgia,Depository Institution,Suspicious Exchange of Currencies,Deposit Account,85,Money Laundering
2020,Georgia,Depository Institution,Suspicious Receipt of Government Payments/Benefits,Deposit Account,"3,254",Money Laundering
2020,Georgia,Depository Institution,Suspicious Use of Multiple Accounts,Deposit Account,"4,150",Money Laundering
2020,Georgia,Depository Institution,Suspicious Use of Noncash Monetary Instruments,Deposit Account,"3,917",Money Laundering
2020,Georgia,Depository Institution,Suspicious Use of Third-Party Transactors (Straw-Man),Deposit Account,290,Money Laundering
2020,Georgia,Depository Institution,Trade Based Money Laundering/Black Market Peso Exchange,Deposit Account,120,Money Laundering
2020,Georgia,Depository Institution,Transaction Out of Pattern for Customer(s),Deposit Account,"6,101",Money Laundering
2020,Georgia,Depository Institution,[Total],Deposit Account,"43,230",Money Laundering
2020,Guam,Depository Institution,Exchanges Small Bills for Large Bills or Vice Versa,Deposit Account,1,Money Laundering
2020,Guam,Depository Institution,Funnel Account,Deposit Account,124,Money Laundering
2020,Guam,Depository Institution,Other Money Laundering,Deposit Account,26,Money Laundering
2020,Guam,Depository Institution,Suspicion Concerning the Physical Condition of Funds,Deposit Account,7,Money Laundering
2020,Guam,Depository Institution,Suspicion Concerning the Source of Funds,Deposit Account,290,Money Laundering
2020,Guam,Depository Institution,"Suspicious Designation of Beneficiaries, Assignees or Joint Owners",Deposit Account,59,Money Laundering
2020,Guam,Depository Institution,Suspicious EFT/Wire Transfers,Deposit Account,148,Money Laundering
2020,Guam,Depository Institution,Suspicious Exchange of Currencies,Deposit Account,4,Money Laundering
2020,Guam,Depository Institution,Suspicious Receipt of Government Payments/Benefits,Deposit Account,32,Money Laundering
2020,Guam,Depository Institution,Suspicious Use of Multiple Accounts,Deposit Account,84,Money Laundering
2020,Guam,Depository Institution,Suspicious Use of Noncash Monetary Instruments,Deposit Account,12,Money Laundering
2020,Guam,Depository Institution,Suspicious Use of Third-Party Transactors (Straw-Man),Deposit Account,28,Money Laundering
2020,Guam,Depository Institution,Trade Based Money Laundering/Black Market Peso Exchange,Deposit Account,3,Money Laundering
2020,Guam,Depository Institution,Transaction Out of Pattern for Customer(s),Deposit Account,223,Money Laundering
2020,Guam,Depository Institution,[Total],Deposit Account,"1,041",Money Laundering
2020,Hawaii,Depository Institution,Exchanges Small Bills for Large Bills or Vice Versa,Deposit Account,50,Money Laundering
2020,Hawaii,Depository Institution,Funnel Account,Deposit Account,73,Money Laundering
2020,Hawaii,Depository Institution,Other Money Laundering,Deposit Account,331,Money Laundering
2020,Hawaii,Depository Institution,Suspicion Concerning the Physical Condition of Funds,Deposit Account,15,Money Laundering
2020,Hawaii,Depository Institution,Suspicion Concerning the Source of Funds,Deposit Account,"3,689",Money Laundering
2020,Hawaii,Depository Institution,"Suspicious Designation of Beneficiaries, Assignees or Joint Owners",Deposit Account,66,Money Laundering
2020,Hawaii,Depository Institution,Suspicious EFT/Wire Transfers,Deposit Account,"1,521",Money Laundering
2020,Hawaii,Depository Institution,Suspicious Exchange of Currencies,Deposit Account,28,Money Laundering
2020,Hawaii,Depository Institution,Suspicious Receipt of Government Payments/Benefits,Deposit Account,214,Money Laundering
2020,Hawaii,Depository Institution,Suspicious Use of Multiple Accounts,Deposit Account,667,Money Laundering
2020,Hawaii,Depository Institution,Suspicious Use of Noncash Monetary Instruments,Deposit Account,335,Money Laundering
2020,Hawaii,Depository Institution,Suspicious Use of Third-Party Transactors (Straw-Man),Deposit Account,57,Money Laundering
2020,Hawaii,Depository Institution,Transaction Out of Pattern for Customer(s),Deposit Account,"4,165",Money Laundering
2020,Hawaii,Depository Institution,[Total],Deposit Account,"11,211",Money Laundering
2020,Idaho,Depository Institution,Exchanges Small Bills for Large Bills or Vice Versa,Deposit Account,16,Money Laundering
2020,Idaho,Depository Institution,Funnel Account,Deposit Account,60,Money Laundering
2020,Idaho,Depository Institution,Other Money Laundering,Deposit Account,43,Money Laundering
2020,Idaho,Depository Institution,Suspicion Concerning the Physical Condition of Funds,Deposit Account,4,Money Laundering
2020,Idaho,Depository Institution,Suspicion Concerning the Source of Funds,Deposit Account,963,Money Laundering
2020,Idaho,Depository Institution,"Suspicious Designation of Beneficiaries, Assignees or Joint Owners",Deposit Account,6,Money Laundering
2020,Idaho,Depository Institution,Suspicious EFT/Wire Transfers,Deposit Account,741,Money Laundering
2020,Idaho,Depository Institution,Suspicious Exchange of Currencies,Deposit Account,7,Money Laundering
2020,Idaho,Depository Institution,Suspicious Receipt of Government Payments/Benefits,Deposit Account,125,Money Laundering
2020,Idaho,Depository Institution,Suspicious Use of Multiple Accounts,Deposit Account,283,Money Laundering
2020,Idaho,Depository Institution,Suspicious Use of Noncash Monetary Instruments,Deposit Account,477,Money Laundering
2020,Idaho,Depository Institution,Suspicious Use of Third-Party Transactors (Straw-Man),Deposit Account,19,Money Laundering
2020,Idaho,Depository Institution,Trade Based Money Laundering/Black Market Peso Exchange,Deposit Account,1,Money Laundering
2020,Idaho,Depository Institution,Transaction Out of Pattern for Customer(s),Deposit Account,793,Money Laundering
2020,Idaho,Depository Institution,[Total],Deposit Account,"3,538",Money Laundering
2020,Illinois,Depository Institution,Exchanges Small Bills for Large Bills or Vice Versa,Deposit Account,360,Money Laundering
2020,Illinois,Depository Institution,Funnel Account,Deposit Account,984,Money Laundering
2020,Illinois,Depository Institution,Other Money Laundering,Deposit Account,"1,703",Money Laundering
2020,Illinois,Depository Institution,Suspicion Concerning the Physical Condition of Funds,Deposit Account,102,Money Laundering
2020,Illinois,Depository Institution,Suspicion Concerning the Source of Funds,Deposit Account,"10,409",Money Laundering
2020,Illinois,Depository Institution,"Suspicious Designation of Beneficiaries, Assignees or Joint Owners",Deposit Account,355,Money Laundering
2020,Illinois,Depository Institution,Suspicious EFT/Wire Transfers,Deposit Account,"9,335",Money Laundering
2020,Illinois,Depository Institution,Suspicious Exchange of Currencies,Deposit Account,87,Money Laundering
2020,Illinois,Depository Institution,Suspicious Receipt of Government Payments/Benefits,Deposit Account,"3,625",Money Laundering
2020,Illinois,Depository Institution,Suspicious Use of Multiple Accounts,Deposit Account,"3,864",Money Laundering
2020,Illinois,Depository Institution,Suspicious Use of Noncash Monetary Instruments,Deposit Account,"3,627",Money Laundering
2020,Illinois,Depository Institution,Suspicious Use of Third-Party Transactors (Straw-Man),Deposit Account,309,Money Laundering
2020,Illinois,Depository Institution,Trade Based Money Laundering/Black Market Peso Exchange,Deposit Account,123,Money Laundering
2020,Illinois,Depository Institution,Transaction Out of Pattern for Customer(s),Deposit Account,"7,640",Money Laundering
2020,Illinois,Depository Institution,[Total],Deposit Account,"42,523",Money Laundering
2020,Indiana,Depository Institution,Exchanges Small Bills for Large Bills or Vice Versa,Deposit Account,171,Money Laundering
2020,Indiana,Depository Institution,Funnel Account,Deposit Account,514,Money Laundering
2020,Indiana,Depository Institution,Other Money Laundering,Deposit Account,"1,031",Money Laundering
2020,Indiana,Depository Institution,Suspicion Concerning the Physical Condition of Funds,Deposit Account,56,Money Laundering
2020,Indiana,Depository Institution,Suspicion Concerning the Source of Funds,Deposit Account,"4,935",Money Laundering
2020,Indiana,Depository Institution,"Suspicious Designation of Beneficiaries, Assignees or Joint Owners",Deposit Account,251,Money Laundering
2020,Indiana,Depository Institution,Suspicious EFT/Wire Transfers,Deposit Account,"3,204",Money Laundering
2020,Indiana,Depository Institution,Suspicious Exchange of Currencies,Deposit Account,62,Money Laundering
2020,Indiana,Depository Institution,Suspicious Receipt of Government Payments/Benefits,Deposit Account,"1,488",Money Laundering
2020,Indiana,Depository Institution,Suspicious Use of Multiple Accounts,Deposit Account,"1,393",Money Laundering
2020,Indiana,Depository Institution,Suspicious Use of Noncash Monetary Instruments,Deposit Account,"1,381",Money Laundering
2020,Indiana,Depository Institution,Suspicious Use of Third-Party Transactors (Straw-Man),Deposit Account,189,Money Laundering
2020,Indiana,Depository Institution,Trade Based Money Laundering/Black Market Peso Exchange,Deposit Account,26,Money Laundering
2020,Indiana,Depository Institution,Transaction Out of Pattern for Customer(s),Deposit Account,"4,624",Money Laundering
2020,Indiana,Depository Institution,[Total],Deposit Account,"19,325",Money Laundering
2020,Iowa,Depository Institution,Exchanges Small Bills for Large Bills or Vice Versa,Deposit Account,25,Money Laundering
2020,Iowa,Depository Institution,Funnel Account,Deposit Account,166,Money Laundering
2020,Iowa,Depository Institution,Other Money Laundering,Deposit Account,112,Money Laundering
2020,Iowa,Depository Institution,Suspicion Concerning the Physical Condition of Funds,Deposit Account,22,Money Laundering
2020,Iowa,Depository Institution,Suspicion Concerning the Source of Funds,Deposit Account,"1,466",Money Laundering
2020,Iowa,Depository Institution,"Suspicious Designation of Beneficiaries, Assignees or Joint Owners",Deposit Account,49,Money Laundering
2020,Iowa,Depository Institution,Suspicious EFT/Wire Transfers,Deposit Account,"1,061",Money Laundering
2020,Iowa,Depository Institution,Suspicious Exchange of Currencies,Deposit Account,16,Money Laundering
2020,Iowa,Depository Institution,Suspicious Receipt of Government Payments/Benefits,Deposit Account,568,Money Laundering
2020,Iowa,Depository Institution,Suspicious Use of Multiple Accounts,Deposit Account,450,Money Laundering
2020,Iowa,Depository Institution,Suspicious Use of Noncash Monetary Instruments,Deposit Account,507,Money Laundering
2020,Iowa,Depository Institution,Suspicious Use of Third-Party Transactors (Straw-Man),Deposit Account,32,Money Laundering
2020,Iowa,Depository Institution,Trade Based Money Laundering/Black Market Peso Exchange,Deposit Account,6,Money Laundering
2020,Iowa,Depository Institution,Transaction Out of Pattern for Customer(s),Deposit Account,"1,112",Money Laundering
2020,Iowa,Depository Institution,[Total],Deposit Account,"5,592",Money Laundering
2020,Kansas,Depository Institution,Exchanges Small Bills for Large Bills or Vice Versa,Deposit Account,27,Money Laundering
2020,Kansas,Depository Institution,Funnel Account,Deposit Account,144,Money Laundering
2020,Kansas,Depository Institution,Other Money Laundering,Deposit Account,146,Money Laundering
2020,Kansas,Depository Institution,Suspicion Concerning the Physical Condition of Funds,Deposit Account,27,Money Laundering
2020,Kansas,Depository Institution,Suspicion Concerning the Source of Funds,Deposit Account,"1,525",Money Laundering
2020,Kansas,Depository Institution,"Suspicious Designation of Beneficiaries, Assignees or Joint Owners",Deposit Account,59,Money Laundering
2020,Kansas,Depository Institution,Suspicious EFT/Wire Transfers,Deposit Account,"1,215",Money Laundering
2020,Kansas,Depository Institution,Suspicious Exchange of Currencies,Deposit Account,13,Money Laundering
2020,Kansas,Depository Institution,Suspicious Receipt of Government Payments/Benefits,Deposit Account,336,Money Laundering
2020,Kansas,Depository Institution,Suspicious Use of Multiple Accounts,Deposit Account,603,Money Laundering
2020,Kansas,Depository Institution,Suspicious Use of Noncash Monetary Instruments,Deposit Account,626,Money Laundering
2020,Kansas,Depository Institution,Suspicious Use of Third-Party Transactors (Straw-Man),Deposit Account,47,Money Laundering
2020,Kansas,Depository Institution,Trade Based Money Laundering/Black Market Peso Exchange,Deposit Account,20,Money Laundering
2020,Kansas,Depository Institution,Transaction Out of Pattern for Customer(s),Deposit Account,"1,435",Money Laundering
2020,Kansas,Depository Institution,[Total],Deposit Account,"6,223",Money Laundering
2020,Kentucky,Depository Institution,Exchanges Small Bills for Large Bills or Vice Versa,Deposit Account,89,Money Laundering
2020,Kentucky,Depository Institution,Funnel Account,Deposit Account,237,Money Laundering
2020,Kentucky,Depository Institution,Other Money Laundering,Deposit Account,369,Money Laundering
2020,Kentucky,Depository Institution,Suspicion Concerning the Physical Condition of Funds,Deposit Account,38,Money Laundering
2020,Kentucky,Depository Institution,Suspicion Concerning the Source of Funds,Deposit Account,"2,279",Money Laundering
2020,Kentucky,Depository Institution,"Suspicious Designation of Beneficiaries, Assignees or Joint Owners",Deposit Account,47,Money Laundering
2020,Kentucky,Depository Institution,Suspicious EFT/Wire Transfers,Deposit Account,"1,545",Money Laundering
2020,Kentucky,Depository Institution,Suspicious Exchange of Currencies,Deposit Account,32,Money Laundering
2020,Kentucky,Depository Institution,Suspicious Receipt of Government Payments/Benefits,Deposit Account,457,Money Laundering
2020,Kentucky,Depository Institution,Suspicious Use of Multiple Accounts,Deposit Account,671,Money Laundering
2020,Kentucky,Depository Institution,Suspicious Use of Noncash Monetary Instruments,Deposit Account,798,Money Laundering
2020,Kentucky,Depository Institution,Suspicious Use of Third-Party Transactors (Straw-Man),Deposit Account,120,Money Laundering
2020,Kentucky,Depository Institution,Trade Based Money Laundering/Black Market Peso Exchange,Deposit Account,17,Money Laundering
2020,Kentucky,Depository Institution,Transaction Out of Pattern for Customer(s),Deposit Account,"2,269",Money Laundering
2020,Kentucky,Depository Institution,[Total],Deposit Account,"8,968",Money Laundering
2020,Louisiana,Depository Institution,Exchanges Small Bills for Large Bills or Vice Versa,Deposit Account,147,Money Laundering
2020,Louisiana,Depository Institution,Funnel Account,Deposit Account,365,Money Laundering
2020,Louisiana,Depository Institution,Other Money Laundering,Deposit Account,860,Money Laundering
2020,Louisiana,Depository Institution,Suspicion Concerning the Physical Condition of Funds,Deposit Account,32,Money Laundering
2020,Louisiana,Depository Institution,Suspicion Concerning the Source of Funds,Deposit Account,"3,279",Money Laundering
2020,Louisiana,Depository Institution,"Suspicious Designation of Beneficiaries, Assignees or Joint Owners",Deposit Account,130,Money Laundering
2020,Louisiana,Depository Institution,Suspicious EFT/Wire Transfers,Deposit Account,"1,670",Money Laundering
2020,Louisiana,Depository Institution,Suspicious Exchange of Currencies,Deposit Account,32,Money Laundering
2020,Louisiana,Depository Institution,Suspicious Receipt of Government Payments/Benefits,Deposit Account,"1,230",Money Laundering
2020,Louisiana,Depository Institution,Suspicious Use of Multiple Accounts,Deposit Account,"1,096",Money Laundering
2020,Louisiana,Depository Institution,Suspicious Use of Noncash Monetary Instruments,Deposit Account,776,Money Laundering
2020,Louisiana,Depository Institution,Suspicious Use of Third-Party Transactors (Straw-Man),Deposit Account,131,Money Laundering
2020,Louisiana,Depository Institution,Trade Based Money Laundering/Black Market Peso Exchange,Deposit Account,28,Money Laundering
2020,Louisiana,Depository Institution,Transaction Out of Pattern for Customer(s),Deposit Account,"3,001",Money Laundering
2020,Louisiana,Depository Institution,[Total],Deposit Account,"12,777",Money Laundering
2020,Maine,Depository Institution,Exchanges Small Bills for Large Bills or Vice Versa,Deposit Account,7,Money Laundering
2020,Maine,Depository Institution,Funnel Account,Deposit Account,53,Money Laundering
2020,Maine,Depository Institution,Other Money Laundering,Deposit Account,139,Money Laundering
2020,Maine,Depository Institution,Suspicion Concerning the Physical Condition of Funds,Deposit Account,3,Money Laundering
2020,Maine,Depository Institution,Suspicion Concerning the Source of Funds,Deposit Account,760,Money Laundering
2020,Maine,Depository Institution,"Suspicious Designation of Beneficiaries, Assignees or Joint Owners",Deposit Account,18,Money Laundering
2020,Maine,Depository Institution,Suspicious EFT/Wire Transfers,Deposit Account,265,Money Laundering
2020,Maine,Depository Institution,Suspicious Exchange of Currencies,Deposit Account,13,Money Laundering
2020,Maine,Depository Institution,Suspicious Receipt of Government Payments/Benefits,Deposit Account,140,Money Laundering
2020,Maine,Depository Institution,Suspicious Use of Multiple Accounts,Deposit Account,124,Money Laundering
2020,Maine,Depository Institution,Suspicious Use of Noncash Monetary Instruments,Deposit Account,101,Money Laundering
2020,Maine,Depository Institution,Suspicious Use of Third-Party Transactors (Straw-Man),Deposit Account,19,Money Laundering
2020,Maine,Depository Institution,Trade Based Money Laundering/Black Market Peso Exchange,Deposit Account,1,Money Laundering
2020,Maine,Depository Institution,Transaction Out of Pattern for Customer(s),Deposit Account,989,Money Laundering
2020,Maine,Depository Institution,[Total],Deposit Account,"2,632",Money Laundering
2020,Maryland,Depository Institution,Exchanges Small Bills for Large Bills or Vice Versa,Deposit Account,147,Money Laundering
2020,Maryland,Depository Institution,Funnel Account,Deposit Account,682,Money Laundering
2020,Maryland,Depository Institution,Other Money Laundering,Deposit Account,"1,485",Money Laundering
2020,Maryland,Depository Institution,Suspicion Concerning the Physical Condition of Funds,Deposit Account,51,Money Laundering
2020,Maryland,Depository Institution,Suspicion Concerning the Source of Funds,Deposit Account,"7,300",Money Laundering
2020,Maryland,Depository Institution,"Suspicious Designation of Beneficiaries, Assignees or Joint Owners",Deposit Account,117,Money Laundering
2020,Maryland,Depository Institution,Suspicious EFT/Wire Transfers,Deposit Account,"5,643",Money Laundering
2020,Maryland,Depository Institution,Suspicious Exchange of Currencies,Deposit Account,52,Money Laundering
2020,Maryland,Depository Institution,Suspicious Receipt of Government Payments/Benefits,Deposit Account,"1,042",Money Laundering
2020,Maryland,Depository Institution,Suspicious Use of Multiple Accounts,Deposit Account,"2,225",Money Laundering
2020,Maryland,Depository Institution,Suspicious Use of Noncash Monetary Instruments,Deposit Account,"2,645",Money Laundering
2020,Maryland,Depository Institution,Suspicious Use of Third-Party Transactors (Straw-Man),Deposit Account,226,Money Laundering
2020,Maryland,Depository Institution,Trade Based Money Laundering/Black Market Peso Exchange,Deposit Account,59,Money Laundering
2020,Maryland,Depository Institution,Transaction Out of Pattern for Customer(s),Deposit Account,"4,055",Money Laundering
2020,Maryland,Depository Institution,[Total],Deposit Account,"25,729",Money Laundering
2020,Massachusetts,Depository Institution,Exchanges Small Bills for Large Bills or Vice Versa,Deposit Account,114,Money Laundering
2020,Massachusetts,Depository Institution,Funnel Account,Deposit Account,227,Money Laundering
2020,Massachusetts,Depository Institution,Other Money Laundering,Deposit Account,654,Money Laundering
2020,Massachusetts,Depository Institution,Suspicion Concerning the Physical Condition of Funds,Deposit Account,34,Money Laundering
2020,Massachusetts,Depository Institution,Suspicion Concerning the Source of Funds,Deposit Account,"5,842",Money Laundering
2020,Massachusetts,Depository Institution,"Suspicious Designation of Beneficiaries, Assignees or Joint Owners",Deposit Account,91,Money Laundering
2020,Massachusetts,Depository Institution,Suspicious EFT/Wire Transfers,Deposit Account,"3,563",Money Laundering
2020,Massachusetts,Depository Institution,Suspicious Exchange of Currencies,Deposit Account,53,Money Laundering
2020,Massachusetts,Depository Institution,Suspicious Receipt of Government Payments/Benefits,Deposit Account,"1,651",Money Laundering
2020,Massachusetts,Depository Institution,Suspicious Use of Multiple Accounts,Deposit Account,"2,183",Money Laundering
2020,Massachusetts,Depository Institution,Suspicious Use of Noncash Monetary Instruments,Deposit Account,"1,090",Money Laundering
2020,Massachusetts,Depository Institution,Suspicious Use of Third-Party Transactors (Straw-Man),Deposit Account,75,Money Laundering
2020,Massachusetts,Depository Institution,Trade Based Money Laundering/Black Market Peso Exchange,Deposit Account,77,Money Laundering
2020,Massachusetts,Depository Institution,Transaction Out of Pattern for Customer(s),Deposit Account,"6,705",Money Laundering
2020,Massachusetts,Depository Institution,[Total],Deposit Account,"22,359",Money Laundering
2020,Michigan,Depository Institution,Exchanges Small Bills for Large Bills or Vice Versa,Deposit Account,315,Money Laundering
2020,Michigan,Depository Institution,Funnel Account,Deposit Account,524,Money Laundering
2020,Michigan,Depository Institution,Other Money Laundering,Deposit Account,"1,342",Money Laundering
2020,Michigan,Depository Institution,Suspicion Concerning the Physical Condition of Funds,Deposit Account,73,Money Laundering
2020,Michigan,Depository Institution,Suspicion Concerning the Source of Funds,Deposit Account,"6,739",Money Laundering
2020,Michigan,Depository Institution,"Suspicious Designation of Beneficiaries, Assignees or Joint Owners",Deposit Account,99,Money Laundering
2020,Michigan,Depository Institution,Suspicious EFT/Wire Transfers,Deposit Account,"4,185",Money Laundering
2020,Michigan,Depository Institution,Suspicious Exchange of Currencies,Deposit Account,74,Money Laundering
2020,Michigan,Depository Institution,Suspicious Receipt of Government Payments/Benefits,Deposit Account,"1,430",Money Laundering
2020,Michigan,Depository Institution,Suspicious Use of Multiple Accounts,Deposit Account,"1,928",Money Laundering
2020,Michigan,Depository Institution,Suspicious Use of Noncash Monetary Instruments,Deposit Account,"1,564",Money Laundering
2020,Michigan,Depository Institution,Suspicious Use of Third-Party Transactors (Straw-Man),Deposit Account,168,Money Laundering
2020,Michigan,Depository Institution,Trade Based Money Laundering/Black Market Peso Exchange,Deposit Account,41,Money Laundering
2020,Michigan,Depository Institution,Transaction Out of Pattern for Customer(s),Deposit Account,"5,161",Money Laundering
2020,Michigan,Depository Institution,[Total],Deposit Account,"23,643",Money Laundering
2020,Minnesota,Depository Institution,Exchanges Small Bills for Large Bills or Vice Versa,Deposit Account,163,Money Laundering
2020,Minnesota,Depository Institution,Funnel Account,Deposit Account,281,Money Laundering
2020,Minnesota,Depository Institution,Other Money Laundering,Deposit Account,233,Money Laundering
2020,Minnesota,Depository Institution,Suspicion Concerning the Physical Condition of Funds,Deposit Account,91,Money Laundering
2020,Minnesota,Depository Institution,Suspicion Concerning the Source of Funds,Deposit Account,"4,070",Money Laundering
2020,Minnesota,Depository Institution,"Suspicious Designation of Beneficiaries, Assignees or Joint Owners",Deposit Account,47,Money Laundering
2020,Minnesota,Depository Institution,Suspicious EFT/Wire Transfers,Deposit Account,"3,007",Money Laundering
2020,Minnesota,Depository Institution,Suspicious Exchange of Currencies,Deposit Account,32,Money Laundering
2020,Minnesota,Depository Institution,Suspicious Receipt of Government Payments/Benefits,Deposit Account,837,Money Laundering
2020,Minnesota,Depository Institution,Suspicious Use of Multiple Accounts,Deposit Account,"1,162",Money Laundering
2020,Minnesota,Depository Institution,Suspicious Use of Noncash Monetary Instruments,Deposit Account,"1,759",Money Laundering
2020,Minnesota,Depository Institution,Suspicious Use of Third-Party Transactors (Straw-Man),Deposit Account,65,Money Laundering
2020,Minnesota,Depository Institution,Trade Based Money Laundering/Black Market Peso Exchange,Deposit Account,39,Money Laundering
2020,Minnesota,Depository Institution,Transaction Out of Pattern for Customer(s),Deposit Account,"3,098",Money Laundering
2020,Minnesota,Depository Institution,[Total],Deposit Account,"14,884",Money Laundering
2020,Mississippi,Depository Institution,Exchanges Small Bills for Large Bills or Vice Versa,Deposit Account,64,Money Laundering
2020,Mississippi,Depository Institution,Funnel Account,Deposit Account,301,Money Laundering
2020,Mississippi,Depository Institution,Other Money Laundering,Deposit Account,"1,143",Money Laundering
2020,Mississippi,Depository Institution,Suspicion Concerning the Physical Condition of Funds,Deposit Account,21,Money Laundering
2020,Mississippi,Depository Institution,Suspicion Concerning the Source of Funds,Deposit Account,"3,125",Money Laundering
2020,Mississippi,Depository Institution,"Suspicious Designation of Beneficiaries, Assignees or Joint Owners",Deposit Account,113,Money Laundering
2020,Mississippi,Depository Institution,Suspicious EFT/Wire Transfers,Deposit Account,"1,353",Money Laundering
2020,Mississippi,Depository Institution,Suspicious Exchange of Currencies,Deposit Account,28,Money Laundering
2020,Mississippi,Depository Institution,Suspicious Receipt of Government Payments/Benefits,Deposit Account,775,Money Laundering
2020,Mississippi,Depository Institution,Suspicious Use of Multiple Accounts,Deposit Account,677,Money Laundering
2020,Mississippi,Depository Institution,Suspicious Use of Noncash Monetary Instruments,Deposit Account,613,Money Laundering
2020,Mississippi,Depository Institution,Suspicious Use of Third-Party Transactors (Straw-Man),Deposit Account,101,Money Laundering
2020,Mississippi,Depository Institution,Trade Based Money Laundering/Black Market Peso Exchange,Deposit Account,5,Money Laundering
2020,Mississippi,Depository Institution,Transaction Out of Pattern for Customer(s),Deposit Account,"2,995",Money Laundering
2020,Mississippi,Depository Institution,[Total],Deposit Account,"11,314",Money Laundering
2020,Missouri,Depository Institution,Exchanges Small Bills for Large Bills or Vice Versa,Deposit Account,50,Money Laundering
2020,Missouri,Depository Institution,Funnel Account,Deposit Account,256,Money Laundering
2020,Missouri,Depository Institution,Other Money Laundering,Deposit Account,517,Money Laundering
2020,Missouri,Depository Institution,Suspicion Concerning the Physical Condition of Funds,Deposit Account,29,Money Laundering
2020,Missouri,Depository Institution,Suspicion Concerning the Source of Funds,Deposit Account,"3,000",Money Laundering
2020,Missouri,Depository Institution,"Suspicious Designation of Beneficiaries, Assignees or Joint Owners",Deposit Account,62,Money Laundering
2020,Missouri,Depository Institution,Suspicious EFT/Wire Transfers,Deposit Account,"2,652",Money Laundering
2020,Missouri,Depository Institution,Suspicious Exchange of Currencies,Deposit Account,28,Money Laundering
2020,Missouri,Depository Institution,Suspicious Receipt of Government Payments/Benefits,Deposit Account,632,Money Laundering
2020,Missouri,Depository Institution,Suspicious Use of Multiple Accounts,Deposit Account,"1,130",Money Laundering
2020,Missouri,Depository Institution,Suspicious Use of Noncash Monetary Instruments,Deposit Account,"1,233",Money Laundering
2020,Missouri,Depository Institution,Suspicious Use of Third-Party Transactors (Straw-Man),Deposit Account,68,Money Laundering
2020,Missouri,Depository Institution,Trade Based Money Laundering/Black Market Peso Exchange,Deposit Account,20,Money Laundering
2020,Missouri,Depository Institution,Transaction Out of Pattern for Customer(s),Deposit Account,"3,096",Money Laundering
2020,Missouri,Depository Institution,[Total],Deposit Account,"12,773",Money Laundering
2020,Montana,Depository Institution,Exchanges Small Bills for Large Bills or Vice Versa,Deposit Account,1,Money Laundering
2020,Montana,Depository Institution,Funnel Account,Deposit Account,22,Money Laundering
2020,Montana,Depository Institution,Other Money Laundering,Deposit Account,79,Money Laundering
2020,Montana,Depository Institution,Suspicion Concerning the Physical Condition of Funds,Deposit Account,9,Money Laundering
2020,Montana,Depository Institution,Suspicion Concerning the Source of Funds,Deposit Account,531,Money Laundering
2020,Montana,Depository Institution,"Suspicious Designation of Beneficiaries, Assignees or Joint Owners",Deposit Account,4,Money Laundering
2020,Montana,Depository Institution,Suspicious EFT/Wire Transfers,Deposit Account,350,Money Laundering
2020,Montana,Depository Institution,Suspicious Exchange of Currencies,Deposit Account,1,Money Laundering
2020,Montana,Depository Institution,Suspicious Receipt of Government Payments/Benefits,Deposit Account,150,Money Laundering
2020,Montana,Depository Institution,Suspicious Use of Multiple Accounts,Deposit Account,131,Money Laundering
2020,Montana,Depository Institution,Suspicious Use of Noncash Monetary Instruments,Deposit Account,173,Money Laundering
2020,Montana,Depository Institution,Suspicious Use of Third-Party Transactors (Straw-Man),Deposit Account,11,Money Laundering
2020,Montana,Depository Institution,Transaction Out of Pattern for Customer(s),Deposit Account,440,Money Laundering
2020,Montana,Depository Institution,[Total],Deposit Account,"1,902",Money Laundering
2020,Nebraska,Depository Institution,Exchanges Small Bills for Large Bills or Vice Versa,Deposit Account,28,Money Laundering
2020,Nebraska,Depository Institution,Funnel Account,Deposit Account,78,Money Laundering
2020,Nebraska,Depository Institution,Other Money Laundering,Deposit Account,47,Money Laundering
2020,Nebraska,Depository Institution,Suspicion Concerning the Physical Condition of Funds,Deposit Account,17,Money Laundering
2020,Nebraska,Depository Institution,Suspicion Concerning the Source of Funds,Deposit Account,"1,239",Money Laundering
2020,Nebraska,Depository Institution,"Suspicious Designation of Beneficiaries, Assignees or Joint Owners",Deposit Account,15,Money Laundering
2020,Nebraska,Depository Institution,Suspicious EFT/Wire Transfers,Deposit Account,946,Money Laundering
2020,Nebraska,Depository Institution,Suspicious Exchange of Currencies,Deposit Account,17,Money Laundering
2020,Nebraska,Depository Institution,Suspicious Receipt of Government Payments/Benefits,Deposit Account,156,Money Laundering
2020,Nebraska,Depository Institution,Suspicious Use of Multiple Accounts,Deposit Account,475,Money Laundering
2020,Nebraska,Depository Institution,Suspicious Use of Noncash Monetary Instruments,Deposit Account,410,Money Laundering
2020,Nebraska,Depository Institution,Suspicious Use of Third-Party Transactors (Straw-Man),Deposit Account,23,Money Laundering
2020,Nebraska,Depository Institution,Trade Based Money Laundering/Black Market Peso Exchange,Deposit Account,7,Money Laundering
2020,Nebraska,Depository Institution,Transaction Out of Pattern for Customer(s),Deposit Account,"1,311",Money Laundering
2020,Nebraska,Depository Institution,[Total],Deposit Account,"4,769",Money Laundering
2020,Nevada,Depository Institution,Exchanges Small Bills for Large Bills or Vice Versa,Deposit Account,178,Money Laundering
2020,Nevada,Depository Institution,Funnel Account,Deposit Account,253,Money Laundering
2020,Nevada,Depository Institution,Other Money Laundering,Deposit Account,309,Money Laundering
2020,Nevada,Depository Institution,Suspicion Concerning the Physical Condition of Funds,Deposit Account,78,Money Laundering
2020,Nevada,Depository Institution,Suspicion Concerning the Source of Funds,Deposit Account,"5,434",Money Laundering
2020,Nevada,Depository Institution,"Suspicious Designation of Beneficiaries, Assignees or Joint Owners",Deposit Account,21,Money Laundering
2020,Nevada,Depository Institution,Suspicious EFT/Wire Transfers,Deposit Account,"4,689",Money Laundering
2020,Nevada,Depository Institution,Suspicious Exchange of Currencies,Deposit Account,26,Money Laundering
2020,Nevada,Depository Institution,Suspicious Receipt of Government Payments/Benefits,Deposit Account,797,Money Laundering
2020,Nevada,Depository Institution,Suspicious Use of Multiple Accounts,Deposit Account,"2,333",Money Laundering
2020,Nevada,Depository Institution,Suspicious Use of Noncash Monetary Instruments,Deposit Account,"2,060",Money Laundering
2020,Nevada,Depository Institution,Suspicious Use of Third-Party Transactors (Straw-Man),Deposit Account,77,Money Laundering
2020,Nevada,Depository Institution,Trade Based Money Laundering/Black Market Peso Exchange,Deposit Account,48,Money Laundering
2020,Nevada,Depository Institution,Transaction Out of Pattern for Customer(s),Deposit Account,"3,222",Money Laundering
2020,Nevada,Depository Institution,[Total],Deposit Account,"19,525",Money Laundering
2020,New Hampshire,Depository Institution,Exchanges Small Bills for Large Bills or Vice Versa,Deposit Account,11,Money Laundering
2020,New Hampshire,Depository Institution,Funnel Account,Deposit Account,53,Money Laundering
2020,New Hampshire,Depository Institution,Other Money Laundering,Deposit Account,92,Money Laundering
2020,New Hampshire,Depository Institution,Suspicion Concerning the Physical Condition of Funds,Deposit Account,5,Money Laundering
2020,New Hampshire,Depository Institution,Suspicion Concerning the Source of Funds,Deposit Account,827,Money Laundering
2020,New Hampshire,Depository Institution,"Suspicious Designation of Beneficiaries, Assignees or Joint Owners",Deposit Account,8,Money Laundering
2020,New Hampshire,Depository Institution,Suspicious EFT/Wire Transfers,Deposit Account,351,Money Laundering
2020,New Hampshire,Depository Institution,Suspicious Exchange of Currencies,Deposit Account,9,Money Laundering
2020,New Hampshire,Depository Institution,Suspicious Receipt of Government Payments/Benefits,Deposit Account,192,Money Laundering
2020,New Hampshire,Depository Institution,Suspicious Use of Multiple Accounts,Deposit Account,232,Money Laundering
2020,New Hampshire,Depository Institution,Suspicious Use of Noncash Monetary Instruments,Deposit Account,179,Money Laundering
2020,New Hampshire,Depository Institution,Suspicious Use of Third-Party Transactors (Straw-Man),Deposit Account,13,Money Laundering
2020,New Hampshire,Depository Institution,Trade Based Money Laundering/Black Market Peso Exchange,Deposit Account,12,Money Laundering
2020,New Hampshire,Depository Institution,Transaction Out of Pattern for Customer(s),Deposit Account,"1,027",Money Laundering
2020,New Hampshire,Depository Institution,[Total],Deposit Account,"3,011",Money Laundering
2020,New Jersey,Depository Institution,Exchanges Small Bills for Large Bills or Vice Versa,Deposit Account,319,Money Laundering
2020,New Jersey,Depository Institution,Funnel Account,Deposit Account,565,Money Laundering
2020,New Jersey,Depository Institution,Other Money Laundering,Deposit Account,"1,360",Money Laundering
2020,New Jersey,Depository Institution,Suspicion Concerning the Physical Condition of Funds,Deposit Account,77,Money Laundering
2020,New Jersey,Depository Institution,Suspicion Concerning the Source of Funds,Deposit Account,"10,287",Money Laundering
2020,New Jersey,Depository Institution,"Suspicious Designation of Beneficiaries, Assignees or Joint Owners",Deposit Account,293,Money Laundering
2020,New Jersey,Depository Institution,Suspicious EFT/Wire Transfers,Deposit Account,"6,819",Money Laundering
2020,New Jersey,Depository Institution,Suspicious Exchange of Currencies,Deposit Account,65,Money Laundering
2020,New Jersey,Depository Institution,Suspicious Receipt of Government Payments/Benefits,Deposit Account,"1,308",Money Laundering
2020,New Jersey,Depository Institution,Suspicious Use of Multiple Accounts,Deposit Account,"3,693",Money Laundering
2020,New Jersey,Depository Institution,Suspicious Use of Noncash Monetary Instruments,Deposit Account,"2,825",Money Laundering
2020,New Jersey,Depository Institution,Suspicious Use of Third-Party Transactors (Straw-Man),Deposit Account,227,Money Laundering
2020,New Jersey,Depository Institution,Trade Based Money Laundering/Black Market Peso Exchange,Deposit Account,140,Money Laundering
2020,New Jersey,Depository Institution,Transaction Out of Pattern for Customer(s),Deposit Account,"6,963",Money Laundering
2020,New Jersey,Depository Institution,[Total],Deposit Account,"34,941",Money Laundering
2020,New Mexico,Depository Institution,Exchanges Small Bills for Large Bills or Vice Versa,Deposit Account,28,Money Laundering
2020,New Mexico,Depository Institution,Funnel Account,Deposit Account,98,Money Laundering
2020,New Mexico,Depository Institution,Other Money Laundering,Deposit Account,171,Money Laundering
2020,New Mexico,Depository Institution,Suspicion Concerning the Physical Condition of Funds,Deposit Account,15,Money Laundering
2020,New Mexico,Depository Institution,Suspicion Concerning the Source of Funds,Deposit Account,"1,529",Money Laundering
2020,New Mexico,Depository Institution,"Suspicious Designation of Beneficiaries, Assignees or Joint Owners",Deposit Account,10,Money Laundering
2020,New Mexico,Depository Institution,Suspicious EFT/Wire Transfers,Deposit Account,912,Money Laundering
2020,New Mexico,Depository Institution,Suspicious Exchange of Currencies,Deposit Account,11,Money Laundering
2020,New Mexico,Depository Institution,Suspicious Receipt of Government Payments/Benefits,Deposit Account,172,Money Laundering
2020,New Mexico,Depository Institution,Suspicious Use of Multiple Accounts,Deposit Account,404,Money Laundering
2020,New Mexico,Depository Institution,Suspicious Use of Noncash Monetary Instruments,Deposit Account,471,Money Laundering
2020,New Mexico,Depository Institution,Suspicious Use of Third-Party Transactors (Straw-Man),Deposit Account,32,Money Laundering
2020,New Mexico,Depository Institution,Trade Based Money Laundering/Black Market Peso Exchange,Deposit Account,9,Money Laundering
2020,New Mexico,Depository Institution,Transaction Out of Pattern for Customer(s),Deposit Account,"1,388",Money Laundering
2020,New Mexico,Depository Institution,[Total],Deposit Account,"5,250",Money Laundering
2020,New York,Depository Institution,Exchanges Small Bills for Large Bills or Vice Versa,Deposit Account,894,Money Laundering
2020,New York,Depository Institution,Funnel Account,Deposit Account,"1,240",Money Laundering
2020,New York,Depository Institution,Other Money Laundering,Deposit Account,"2,608",Money Laundering
2020,New York,Depository Institution,Suspicion Concerning the Physical Condition of Funds,Deposit Account,164,Money Laundering
2020,New York,Depository Institution,Suspicion Concerning the Source of Funds,Deposit Account,"22,607",Money Laundering
2020,New York,Depository Institution,"Suspicious Designation of Beneficiaries, Assignees or Joint Owners",Deposit Account,278,Money Laundering
2020,New York,Depository Institution,Suspicious EFT/Wire Transfers,Deposit Account,"14,449",Money Laundering
2020,New York,Depository Institution,Suspicious Exchange of Currencies,Deposit Account,143,Money Laundering
2020,New York,Depository Institution,Suspicious Receipt of Government Payments/Benefits,Deposit Account,"3,492",Money Laundering
2020,New York,Depository Institution,Suspicious Use of Multiple Accounts,Deposit Account,"7,960",Money Laundering
2020,New York,Depository Institution,Suspicious Use of Noncash Monetary Instruments,Deposit Account,"6,760",Money Laundering
2020,New York,Depository Institution,Suspicious Use of Third-Party Transactors (Straw-Man),Deposit Account,467,Money Laundering
2020,New York,Depository Institution,Trade Based Money Laundering/Black Market Peso Exchange,Deposit Account,209,Money Laundering
2020,New York,Depository Institution,Transaction Out of Pattern for Customer(s),Deposit Account,"15,301",Money Laundering
2020,New York,Depository Institution,[Total],Deposit Account,"76,572",Money Laundering
2020,North Carolina,Depository Institution,Exchanges Small Bills for Large Bills or Vice Versa,Deposit Account,160,Money Laundering
2020,North Carolina,Depository Institution,Funnel Account,Deposit Account,868,Money Laundering
2020,North Carolina,Depository Institution,Other Money Laundering,Deposit Account,"1,465",Money Laundering
2020,North Carolina,Depository Institution,Suspicion Concerning the Physical Condition of Funds,Deposit Account,152,Money Laundering
2020,North Carolina,Depository Institution,Suspicion Concerning the Source of Funds,Deposit Account,"18,825",Money Laundering
2020,North Carolina,Depository Institution,"Suspicious Designation of Beneficiaries, Assignees or Joint Owners",Deposit Account,260,Money Laundering
2020,North Carolina,Depository Institution,Suspicious EFT/Wire Transfers,Deposit Account,"20,740",Money Laundering
2020,North Carolina,Depository Institution,Suspicious Exchange of Currencies,Deposit Account,61,Money Laundering
2020,North Carolina,Depository Institution,Suspicious Receipt of Government Payments/Benefits,Deposit Account,"4,058",Money Laundering
2020,North Carolina,Depository Institution,Suspicious Use of Multiple Accounts,Deposit Account,"7,194",Money Laundering
2020,North Carolina,Depository Institution,Suspicious Use of Noncash Monetary Instruments,Deposit Account,"2,195",Money Laundering
2020,North Carolina,Depository Institution,Suspicious Use of Third-Party Transactors (Straw-Man),Deposit Account,253,Money Laundering
2020,North Carolina,Depository Institution,Trade Based Money Laundering/Black Market Peso Exchange,Deposit Account,159,Money Laundering
2020,North Carolina,Depository Institution,Transaction Out of Pattern for Customer(s),Deposit Account,"5,421",Money Laundering
2020,North Carolina,Depository Institution,[Total],Deposit Account,"61,811",Money Laundering
2020,North Dakota,Depository Institution,Exchanges Small Bills for Large Bills or Vice Versa,Deposit Account,11,Money Laundering
2020,North Dakota,Depository Institution,Funnel Account,Deposit Account,33,Money Laundering
2020,North Dakota,Depository Institution,Other Money Laundering,Deposit Account,16,Money Laundering
2020,North Dakota,Depository Institution,Suspicion Concerning the Physical Condition of Funds,Deposit Account,7,Money Laundering
2020,North Dakota,Depository Institution,Suspicion Concerning the Source of Funds,Deposit Account,578,Money Laundering
2020,North Dakota,Depository Institution,"Suspicious Designation of Beneficiaries, Assignees or Joint Owners",Deposit Account,8,Money Laundering
2020,North Dakota,Depository Institution,Suspicious EFT/Wire Transfers,Deposit Account,331,Money Laundering
2020,North Dakota,Depository Institution,Suspicious Exchange of Currencies,Deposit Account,2,Money Laundering
2020,North Dakota,Depository Institution,Suspicious Receipt of Government Payments/Benefits,Deposit Account,94,Money Laundering
2020,North Dakota,Depository Institution,Suspicious Use of Multiple Accounts,Deposit Account,163,Money Laundering
2020,North Dakota,Depository Institution,Suspicious Use of Noncash Monetary Instruments,Deposit Account,123,Money Laundering
2020,North Dakota,Depository Institution,Suspicious Use of Third-Party Transactors (Straw-Man),Deposit Account,5,Money Laundering
2020,North Dakota,Depository Institution,Trade Based Money Laundering/Black Market Peso Exchange,Deposit Account,1,Money Laundering
2020,North Dakota,Depository Institution,Transaction Out of Pattern for Customer(s),Deposit Account,282,Money Laundering
2020,North Dakota,Depository Institution,[Total],Deposit Account,"1,654",Money Laundering
2020,Ohio,Depository Institution,Exchanges Small Bills for Large Bills or Vice Versa,Deposit Account,361,Money Laundering
2020,Ohio,Depository Institution,Funnel Account,Deposit Account,916,Money Laundering
2020,Ohio,Depository Institution,Other Money Laundering,Deposit Account,"2,217",Money Laundering
2020,Ohio,Depository Institution,Suspicion Concerning the Physical Condition of Funds,Deposit Account,107,Money Laundering
2020,Ohio,Depository Institution,Suspicion Concerning the Source of Funds,Deposit Account,"13,180",Money Laundering
2020,Ohio,Depository Institution,"Suspicious Designation of Beneficiaries, Assignees or Joint Owners",Deposit Account,212,Money Laundering
2020,Ohio,Depository Institution,Suspicious EFT/Wire Transfers,Deposit Account,"18,238",Money Laundering
2020,Ohio,Depository Institution,Suspicious Exchange of Currencies,Deposit Account,105,Money Laundering
2020,Ohio,Depository Institution,Suspicious Receipt of Government Payments/Benefits,Deposit Account,"3,870",Money Laundering
2020,Ohio,Depository Institution,Suspicious Use of Multiple Accounts,Deposit Account,"4,505",Money Laundering
2020,Ohio,Depository Institution,Suspicious Use of Noncash Monetary Instruments,Deposit Account,"5,257",Money Laundering
2020,Ohio,Depository Institution,Suspicious Use of Third-Party Transactors (Straw-Man),Deposit Account,375,Money Laundering
2020,Ohio,Depository Institution,Trade Based Money Laundering/Black Market Peso Exchange,Deposit Account,124,Money Laundering
2020,Ohio,Depository Institution,Transaction Out of Pattern for Customer(s),Deposit Account,"10,709",Money Laundering
2020,Ohio,Depository Institution,[Total],Deposit Account,"60,176",Money Laundering
2020,Oklahoma,Depository Institution,Exchanges Small Bills for Large Bills or Vice Versa,Deposit Account,67,Money Laundering
2020,Oklahoma,Depository Institution,Funnel Account,Deposit Account,127,Money Laundering
2020,Oklahoma,Depository Institution,Other Money Laundering,Deposit Account,"1,161",Money Laundering
2020,Oklahoma,Depository Institution,Suspicion Concerning the Physical Condition of Funds,Deposit Account,41,Money Laundering
2020,Oklahoma,Depository Institution,Suspicion Concerning the Source of Funds,Deposit Account,"2,582",Money Laundering
2020,Oklahoma,Depository Institution,"Suspicious Designation of Beneficiaries, Assignees or Joint Owners",Deposit Account,51,Money Laundering
2020,Oklahoma,Depository Institution,Suspicious EFT/Wire Transfers,Deposit Account,"1,202",Money Laundering
2020,Oklahoma,Depository Institution,Suspicious Exchange of Currencies,Deposit Account,15,Money Laundering
2020,Oklahoma,Depository Institution,Suspicious Receipt of Government Payments/Benefits,Deposit Account,487,Money Laundering
2020,Oklahoma,Depository Institution,Suspicious Use of Multiple Accounts,Deposit Account,637,Money Laundering
2020,Oklahoma,Depository Institution,Suspicious Use of Noncash Monetary Instruments,Deposit Account,506,Money Laundering
2020,Oklahoma,Depository Institution,Suspicious Use of Third-Party Transactors (Straw-Man),Deposit Account,57,Money Laundering
2020,Oklahoma,Depository Institution,Trade Based Money Laundering/Black Market Peso Exchange,Deposit Account,25,Money Laundering
2020,Oklahoma,Depository Institution,Transaction Out of Pattern for Customer(s),Deposit Account,"2,222",Money Laundering
2020,Oklahoma,Depository Institution,[Total],Deposit Account,"9,180",Money Laundering
2020,Oregon,Depository Institution,Exchanges Small Bills for Large Bills or Vice Versa,Deposit Account,111,Money Laundering
2020,Oregon,Depository Institution,Funnel Account,Deposit Account,275,Money Laundering
2020,Oregon,Depository Institution,Other Money Laundering,Deposit Account,199,Money Laundering
2020,Oregon,Depository Institution,Suspicion Concerning the Physical Condition of Funds,Deposit Account,79,Money Laundering
2020,Oregon,Depository Institution,Suspicion Concerning the Source of Funds,Deposit Account,"4,518",Money Laundering
2020,Oregon,Depository Institution,"Suspicious Designation of Beneficiaries, Assignees or Joint Owners",Deposit Account,21,Money Laundering
2020,Oregon,Depository Institution,Suspicious EFT/Wire Transfers,Deposit Account,"3,824",Money Laundering
2020,Oregon,Depository Institution,Suspicious Exchange of Currencies,Deposit Account,20,Money Laundering
2020,Oregon,Depository Institution,Suspicious Receipt of Government Payments/Benefits,Deposit Account,377,Money Laundering
2020,Oregon,Depository Institution,Suspicious Use of Multiple Accounts,Deposit Account,"1,322",Money Laundering
2020,Oregon,Depository Institution,Suspicious Use of Noncash Monetary Instruments,Deposit Account,"1,878",Money Laundering
2020,Oregon,Depository Institution,Suspicious Use of Third-Party Transactors (Straw-Man),Deposit Account,54,Money Laundering
2020,Oregon,Depository Institution,Trade Based Money Laundering/Black Market Peso Exchange,Deposit Account,26,Money Laundering
2020,Oregon,Depository Institution,Transaction Out of Pattern for Customer(s),Deposit Account,"3,154",Money Laundering
2020,Oregon,Depository Institution,[Total],Deposit Account,"15,858",Money Laundering
2020,Pennsylvania,Depository Institution,Exchanges Small Bills for Large Bills or Vice Versa,Deposit Account,250,Money Laundering
2020,Pennsylvania,Depository Institution,Funnel Account,Deposit Account,934,Money Laundering
2020,Pennsylvania,Depository Institution,Other Money Laundering,Deposit Account,"1,566",Money Laundering
2020,Pennsylvania,Depository Institution,Suspicion Concerning the Physical Condition of Funds,Deposit Account,88,Money Laundering
2020,Pennsylvania,Depository Institution,Suspicion Concerning the Source of Funds,Deposit Account,"10,167",Money Laundering
2020,Pennsylvania,Depository Institution,"Suspicious Designation of Beneficiaries, Assignees or Joint Owners",Deposit Account,225,Money Laundering
2020,Pennsylvania,Depository Institution,Suspicious EFT/Wire Transfers,Deposit Account,"7,199",Money Laundering
2020,Pennsylvania,Depository Institution,Suspicious Exchange of Currencies,Deposit Account,79,Money Laundering
2020,Pennsylvania,Depository Institution,Suspicious Receipt of Government Payments/Benefits,Deposit Account,"1,546",Money Laundering
2020,Pennsylvania,Depository Institution,Suspicious Use of Multiple Accounts,Deposit Account,"3,212",Money Laundering
2020,Pennsylvania,Depository Institution,Suspicious Use of Noncash Monetary Instruments,Deposit Account,"2,338",Money Laundering
2020,Pennsylvania,Depository Institution,Suspicious Use of Third-Party Transactors (Straw-Man),Deposit Account,260,Money Laundering
2020,Pennsylvania,Depository Institution,Trade Based Money Laundering/Black Market Peso Exchange,Deposit Account,50,Money Laundering
2020,Pennsylvania,Depository Institution,Transaction Out of Pattern for Customer(s),Deposit Account,"9,681",Money Laundering
2020,Pennsylvania,Depository Institution,[Total],Deposit Account,"37,595",Money Laundering
2020,Rhode Island,Depository Institution,Exchanges Small Bills for Large Bills or Vice Versa,Deposit Account,9,Money Laundering
2020,Rhode Island,Depository Institution,Funnel Account,Deposit Account,44,Money Laundering
2020,Rhode Island,Depository Institution,Other Money Laundering,Deposit Account,55,Money Laundering
2020,Rhode Island,Depository Institution,Suspicion Concerning the Physical Condition of Funds,Deposit Account,4,Money Laundering
2020,Rhode Island,Depository Institution,Suspicion Concerning the Source of Funds,Deposit Account,729,Money Laundering
2020,Rhode Island,Depository Institution,"Suspicious Designation of Beneficiaries, Assignees or Joint Owners",Deposit Account,4,Money Laundering
2020,Rhode Island,Depository Institution,Suspicious EFT/Wire Transfers,Deposit Account,537,Money Laundering
2020,Rhode Island,Depository Institution,Suspicious Receipt of Government Payments/Benefits,Deposit Account,157,Money Laundering
2020,Rhode Island,Depository Institution,Suspicious Use of Multiple Accounts,Deposit Account,298,Money Laundering
2020,Rhode Island,Depository Institution,Suspicious Use of Noncash Monetary Instruments,Deposit Account,183,Money Laundering
2020,Rhode Island,Depository Institution,Suspicious Use of Third-Party Transactors (Straw-Man),Deposit Account,13,Money Laundering
2020,Rhode Island,Depository Institution,Trade Based Money Laundering/Black Market Peso Exchange,Deposit Account,12,Money Laundering
2020,Rhode Island,Depository Institution,Transaction Out of Pattern for Customer(s),Deposit Account,"1,015",Money Laundering
2020,Rhode Island,Depository Institution,[Total],Deposit Account,"3,060",Money Laundering
2020,South Carolina,Depository Institution,Exchanges Small Bills for Large Bills or Vice Versa,Deposit Account,138,Money Laundering
2020,South Carolina,Depository Institution,Funnel Account,Deposit Account,446,Money Laundering
2020,South Carolina,Depository Institution,Other Money Laundering,Deposit Account,526,Money Laundering
2020,South Carolina,Depository Institution,Suspicion Concerning the Physical Condition of Funds,Deposit Account,87,Money Laundering
2020,South Carolina,Depository Institution,Suspicion Concerning the Source of Funds,Deposit Account,"3,552",Money Laundering
2020,South Carolina,Depository Institution,"Suspicious Designation of Beneficiaries, Assignees or Joint Owners",Deposit Account,52,Money Laundering
2020,South Carolina,Depository Institution,Suspicious EFT/Wire Transfers,Deposit Account,"2,176",Money Laundering
2020,South Carolina,Depository Institution,Suspicious Exchange of Currencies,Deposit Account,40,Money Laundering
2020,South Carolina,Depository Institution,Suspicious Receipt of Government Payments/Benefits,Deposit Account,823,Money Laundering
2020,South Carolina,Depository Institution,Suspicious Use of Multiple Accounts,Deposit Account,"1,019",Money Laundering
2020,South Carolina,Depository Institution,Suspicious Use of Noncash Monetary Instruments,Deposit Account,959,Money Laundering
2020,South Carolina,Depository Institution,Suspicious Use of Third-Party Transactors (Straw-Man),Deposit Account,131,Money Laundering
2020,South Carolina,Depository Institution,Trade Based Money Laundering/Black Market Peso Exchange,Deposit Account,20,Money Laundering
2020,South Carolina,Depository Institution,Transaction Out of Pattern for Customer(s),Deposit Account,"2,525",Money Laundering
2020,South Carolina,Depository Institution,[Total],Deposit Account,"12,494",Money Laundering
2020,South Dakota,Depository Institution,Exchanges Small Bills for Large Bills or Vice Versa,Deposit Account,5,Money Laundering
2020,South Dakota,Depository Institution,Funnel Account,Deposit Account,58,Money Laundering
2020,South Dakota,Depository Institution,Other Money Laundering,Deposit Account,190,Money Laundering
2020,South Dakota,Depository Institution,Suspicion Concerning the Physical Condition of Funds,Deposit Account,2,Money Laundering
2020,South Dakota,Depository Institution,Suspicion Concerning the Source of Funds,Deposit Account,"1,212",Money Laundering
2020,South Dakota,Depository Institution,"Suspicious Designation of Beneficiaries, Assignees or Joint Owners",Deposit Account,4,Money Laundering
2020,South Dakota,Depository Institution,Suspicious EFT/Wire Transfers,Deposit Account,"2,292",Money Laundering
2020,South Dakota,Depository Institution,Suspicious Exchange of Currencies,Deposit Account,7,Money Laundering
2020,South Dakota,Depository Institution,Suspicious Receipt of Government Payments/Benefits,Deposit Account,"1,338",Money Laundering
2020,South Dakota,Depository Institution,Suspicious Use of Multiple Accounts,Deposit Account,207,Money Laundering
2020,South Dakota,Depository Institution,Suspicious Use of Noncash Monetary Instruments,Deposit Account,252,Money Laundering
2020,South Dakota,Depository Institution,Suspicious Use of Third-Party Transactors (Straw-Man),Deposit Account,17,Money Laundering
2020,South Dakota,Depository Institution,Trade Based Money Laundering/Black Market Peso Exchange,Deposit Account,7,Money Laundering
2020,South Dakota,Depository Institution,Transaction Out of Pattern for Customer(s),Deposit Account,853,Money Laundering
2020,South Dakota,Depository Institution,[Total],Deposit Account,"6,444",Money Laundering
2020,Tennessee,Depository Institution,Exchanges Small Bills for Large Bills or Vice Versa,Deposit Account,106,Money Laundering
2020,Tennessee,Depository Institution,Funnel Account,Deposit Account,268,Money Laundering
2020,Tennessee,Depository Institution,Other Money Laundering,Deposit Account,"1,139",Money Laundering
2020,Tennessee,Depository Institution,Suspicion Concerning the Physical Condition of Funds,Deposit Account,66,Money Laundering
2020,Tennessee,Depository Institution,Suspicion Concerning the Source of Funds,Deposit Account,"4,594",Money Laundering
2020,Tennessee,Depository Institution,"Suspicious Designation of Beneficiaries, Assignees or Joint Owners",Deposit Account,35,Money Laundering
2020,Tennessee,Depository Institution,Suspicious EFT/Wire Transfers,Deposit Account,"3,211",Money Laundering
2020,Tennessee,Depository Institution,Suspicious Exchange of Currencies,Deposit Account,38,Money Laundering
2020,Tennessee,Depository Institution,Suspicious Receipt of Government Payments/Benefits,Deposit Account,"1,211",Money Laundering
2020,Tennessee,Depository Institution,Suspicious Use of Multiple Accounts,Deposit Account,"1,240",Money Laundering
2020,Tennessee,Depository Institution,Suspicious Use of Noncash Monetary Instruments,Deposit Account,"1,050",Money Laundering
2020,Tennessee,Depository Institution,Suspicious Use of Third-Party Transactors (Straw-Man),Deposit Account,50,Money Laundering
2020,Tennessee,Depository Institution,Trade Based Money Laundering/Black Market Peso Exchange,Deposit Account,31,Money Laundering
2020,Tennessee,Depository Institution,Transaction Out of Pattern for Customer(s),Deposit Account,"4,093",Money Laundering
2020,Tennessee,Depository Institution,[Total],Deposit Account,"17,132",Money Laundering
2020,Texas,Depository Institution,Exchanges Small Bills for Large Bills or Vice Versa,Deposit Account,"1,077",Money Laundering
2020,Texas,Depository Institution,Funnel Account,Deposit Account,"2,844",Money Laundering
2020,Texas,Depository Institution,Other Money Laundering,Deposit Account,"7,130",Money Laundering
2020,Texas,Depository Institution,Suspicion Concerning the Physical Condition of Funds,Deposit Account,475,Money Laundering
2020,Texas,Depository Institution,Suspicion Concerning the Source of Funds,Deposit Account,"34,751",Money Laundering
2020,Texas,Depository Institution,"Suspicious Designation of Beneficiaries, Assignees or Joint Owners",Deposit Account,399,Money Laundering
2020,Texas,Depository Institution,Suspicious EFT/Wire Transfers,Deposit Account,"22,695",Money Laundering
2020,Texas,Depository Institution,Suspicious Exchange of Currencies,Deposit Account,203,Money Laundering
2020,Texas,Depository Institution,Suspicious Receipt of Government Payments/Benefits,Deposit Account,"5,831",Money Laundering
2020,Texas,Depository Institution,Suspicious Use of Multiple Accounts,Deposit Account,"9,583",Money Laundering
2020,Texas,Depository Institution,Suspicious Use of Noncash Monetary Instruments,Deposit Account,"8,743",Money Laundering
2020,Texas,Depository Institution,Suspicious Use of Third-Party Transactors (Straw-Man),Deposit Account,971,Money Laundering
2020,Texas,Depository Institution,Trade Based Money Laundering/Black Market Peso Exchange,Deposit Account,221,Money Laundering
2020,Texas,Depository Institution,Transaction Out of Pattern for Customer(s),Deposit Account,"26,883",Money Laundering
2020,Texas,Depository Institution,[Total],Deposit Account,"121,806",Money Laundering
2020,Utah,Depository Institution,Exchanges Small Bills for Large Bills or Vice Versa,Deposit Account,33,Money Laundering
2020,Utah,Depository Institution,Funnel Account,Deposit Account,221,Money Laundering
2020,Utah,Depository Institution,Other Money Laundering,Deposit Account,124,Money Laundering
2020,Utah,Depository Institution,Suspicion Concerning the Physical Condition of Funds,Deposit Account,11,Money Laundering
2020,Utah,Depository Institution,Suspicion Concerning the Source of Funds,Deposit Account,"2,245",Money Laundering
2020,Utah,Depository Institution,"Suspicious Designation of Beneficiaries, Assignees or Joint Owners",Deposit Account,22,Money Laundering
2020,Utah,Depository Institution,Suspicious EFT/Wire Transfers,Deposit Account,"1,829",Money Laundering
2020,Utah,Depository Institution,Suspicious Exchange of Currencies,Deposit Account,22,Money Laundering
2020,Utah,Depository Institution,Suspicious Receipt of Government Payments/Benefits,Deposit Account,370,Money Laundering
2020,Utah,Depository Institution,Suspicious Use of Multiple Accounts,Deposit Account,"1,028",Money Laundering
2020,Utah,Depository Institution,Suspicious Use of Noncash Monetary Instruments,Deposit Account,895,Money Laundering
2020,Utah,Depository Institution,Suspicious Use of Third-Party Transactors (Straw-Man),Deposit Account,88,Money Laundering
2020,Utah,Depository Institution,Trade Based Money Laundering/Black Market Peso Exchange,Deposit Account,21,Money Laundering
2020,Utah,Depository Institution,Transaction Out of Pattern for Customer(s),Deposit Account,"1,739",Money Laundering
2020,Utah,Depository Institution,[Total],Deposit Account,"8,648",Money Laundering
2020,Vermont,Depository Institution,Exchanges Small Bills for Large Bills or Vice Versa,Deposit Account,2,Money Laundering
2020,Vermont,Depository Institution,Funnel Account,Deposit Account,20,Money Laundering
2020,Vermont,Depository Institution,Other Money Laundering,Deposit Account,36,Money Laundering
2020,Vermont,Depository Institution,Suspicion Concerning the Physical Condition of Funds,Deposit Account,3,Money Laundering
2020,Vermont,Depository Institution,Suspicion Concerning the Source of Funds,Deposit Account,290,Money Laundering
2020,Vermont,Depository Institution,"Suspicious Designation of Beneficiaries, Assignees or Joint Owners",Deposit Account,3,Money Laundering
2020,Vermont,Depository Institution,Suspicious EFT/Wire Transfers,Deposit Account,125,Money Laundering
2020,Vermont,Depository Institution,Suspicious Exchange of Currencies,Deposit Account,3,Money Laundering
2020,Vermont,Depository Institution,Suspicious Receipt of Government Payments/Benefits,Deposit Account,44,Money Laundering
2020,Vermont,Depository Institution,Suspicious Use of Multiple Accounts,Deposit Account,54,Money Laundering
2020,Vermont,Depository Institution,Suspicious Use of Noncash Monetary Instruments,Deposit Account,25,Money Laundering
2020,Vermont,Depository Institution,Suspicious Use of Third-Party Transactors (Straw-Man),Deposit Account,8,Money Laundering
2020,Vermont,Depository Institution,Transaction Out of Pattern for Customer(s),Deposit Account,393,Money Laundering
2020,Vermont,Depository Institution,[Total],Deposit Account,"1,006",Money Laundering
2020,Virginia,Depository Institution,Exchanges Small Bills for Large Bills or Vice Versa,Deposit Account,137,Money Laundering
2020,Virginia,Depository Institution,Funnel Account,Deposit Account,791,Money Laundering
2020,Virginia,Depository Institution,Other Money Laundering,Deposit Account,796,Money Laundering
2020,Virginia,Depository Institution,Suspicion Concerning the Physical Condition of Funds,Deposit Account,77,Money Laundering
2020,Virginia,Depository Institution,Suspicion Concerning the Source of Funds,Deposit Account,"9,990",Money Laundering
2020,Virginia,Depository Institution,"Suspicious Designation of Beneficiaries, Assignees or Joint Owners",Deposit Account,115,Money Laundering
2020,Virginia,Depository Institution,Suspicious EFT/Wire Transfers,Deposit Account,"7,447",Money Laundering
2020,Virginia,Depository Institution,Suspicious Exchange of Currencies,Deposit Account,64,Money Laundering
2020,Virginia,Depository Institution,Suspicious Receipt of Government Payments/Benefits,Deposit Account,"4,148",Money Laundering
2020,Virginia,Depository Institution,Suspicious Use of Multiple Accounts,Deposit Account,"2,399",Money Laundering
2020,Virginia,Depository Institution,Suspicious Use of Noncash Monetary Instruments,Deposit Account,"1,914",Money Laundering
2020,Virginia,Depository Institution,Suspicious Use of Third-Party Transactors (Straw-Man),Deposit Account,465,Money Laundering
2020,Virginia,Depository Institution,Trade Based Money Laundering/Black Market Peso Exchange,Deposit Account,63,Money Laundering
2020,Virginia,Depository Institution,Transaction Out of Pattern for Customer(s),Deposit Account,"7,242",Money Laundering
2020,Virginia,Depository Institution,[Total],Deposit Account,"35,648",Money Laundering
2020,Washington,Depository Institution,Exchanges Small Bills for Large Bills or Vice Versa,Deposit Account,121,Money Laundering
2020,Washington,Depository Institution,Funnel Account,Deposit Account,380,Money Laundering
2020,Washington,Depository Institution,Other Money Laundering,Deposit Account,415,Money Laundering
2020,Washington,Depository Institution,Suspicion Concerning the Physical Condition of Funds,Deposit Account,48,Money Laundering
2020,Washington,Depository Institution,Suspicion Concerning the Source of Funds,Deposit Account,"6,988",Money Laundering
2020,Washington,Depository Institution,"Suspicious Designation of Beneficiaries, Assignees or Joint Owners",Deposit Account,41,Money Laundering
2020,Washington,Depository Institution,Suspicious EFT/Wire Transfers,Deposit Account,"5,300",Money Laundering
2020,Washington,Depository Institution,Suspicious Exchange of Currencies,Deposit Account,66,Money Laundering
2020,Washington,Depository Institution,Suspicious Receipt of Government Payments/Benefits,Deposit Account,757,Money Laundering
2020,Washington,Depository Institution,Suspicious Use of Multiple Accounts,Deposit Account,"2,418",Money Laundering
2020,Washington,Depository Institution,Suspicious Use of Noncash Monetary Instruments,Deposit Account,"2,831",Money Laundering
2020,Washington,Depository Institution,Suspicious Use of Third-Party Transactors (Straw-Man),Deposit Account,119,Money Laundering
2020,Washington,Depository Institution,Trade Based Money Laundering/Black Market Peso Exchange,Deposit Account,41,Money Laundering
2020,Washington,Depository Institution,Transaction Out of Pattern for Customer(s),Deposit Account,"5,430",Money Laundering
2020,Washington,Depository Institution,[Total],Deposit Account,"24,955",Money Laundering
2020,West Virginia,Depository Institution,Exchanges Small Bills for Large Bills or Vice Versa,Deposit Account,19,Money Laundering
2020,West Virginia,Depository Institution,Funnel Account,Deposit Account,69,Money Laundering
2020,West Virginia,Depository Institution,Other Money Laundering,Deposit Account,107,Money Laundering
2020,West Virginia,Depository Institution,Suspicion Concerning the Physical Condition of Funds,Deposit Account,10,Money Laundering
2020,West Virginia,Depository Institution,Suspicion Concerning the Source of Funds,Deposit Account,845,Money Laundering
2020,West Virginia,Depository Institution,"Suspicious Designation of Beneficiaries, Assignees or Joint Owners",Deposit Account,16,Money Laundering
2020,West Virginia,Depository Institution,Suspicious EFT/Wire Transfers,Deposit Account,460,Money Laundering
2020,West Virginia,Depository Institution,Suspicious Exchange of Currencies,Deposit Account,8,Money Laundering
2020,West Virginia,Depository Institution,Suspicious Receipt of Government Payments/Benefits,Deposit Account,213,Money Laundering
2020,West Virginia,Depository Institution,Suspicious Use of Multiple Accounts,Deposit Account,192,Money Laundering
2020,West Virginia,Depository Institution,Suspicious Use of Noncash Monetary Instruments,Deposit Account,164,Money Laundering
2020,West Virginia,Depository Institution,Suspicious Use of Third-Party Transactors (Straw-Man),Deposit Account,42,Money Laundering
2020,West Virginia,Depository Institution,Trade Based Money Laundering/Black Market Peso Exchange,Deposit Account,3,Money Laundering
2020,West Virginia,Depository Institution,Transaction Out of Pattern for Customer(s),Deposit Account,850,Money Laundering
2020,West Virginia,Depository Institution,[Total],Deposit Account,"2,998",Money Laundering
2020,Wisconsin,Depository Institution,Exchanges Small Bills for Large Bills or Vice Versa,Deposit Account,104,Money Laundering
2020,Wisconsin,Depository Institution,Funnel Account,Deposit Account,301,Money Laundering
2020,Wisconsin,Depository Institution,Other Money Laundering,Deposit Account,356,Money Laundering
2020,Wisconsin,Depository Institution,Suspicion Concerning the Physical Condition of Funds,Deposit Account,40,Money Laundering
2020,Wisconsin,Depository Institution,Suspicion Concerning the Source of Funds,Deposit Account,"3,223",Money Laundering
2020,Wisconsin,Depository Institution,"Suspicious Designation of Beneficiaries, Assignees or Joint Owners",Deposit Account,72,Money Laundering
2020,Wisconsin,Depository Institution,Suspicious EFT/Wire Transfers,Deposit Account,"2,062",Money Laundering
2020,Wisconsin,Depository Institution,Suspicious Exchange of Currencies,Deposit Account,38,Money Laundering
2020,Wisconsin,Depository Institution,Suspicious Receipt of Government Payments/Benefits,Deposit Account,"1,010",Money Laundering
2020,Wisconsin,Depository Institution,Suspicious Use of Multiple Accounts,Deposit Account,849,Money Laundering
2020,Wisconsin,Depository Institution,Suspicious Use of Noncash Monetary Instruments,Deposit Account,"1,089",Money Laundering
2020,Wisconsin,Depository Institution,Suspicious Use of Third-Party Transactors (Straw-Man),Deposit Account,54,Money Laundering
2020,Wisconsin,Depository Institution,Trade Based Money Laundering/Black Market Peso Exchange,Deposit Account,21,Money Laundering
2020,Wisconsin,Depository Institution,Transaction Out of Pattern for Customer(s),Deposit Account,"3,655",Money Laundering
2020,Wisconsin,Depository Institution,[Total],Deposit Account,"12,874",Money Laundering
2020,Wyoming,Depository Institution,Exchanges Small Bills for Large Bills or Vice Versa,Deposit Account,4,Money Laundering
2020,Wyoming,Depository Institution,Funnel Account,Deposit Account,18,Money Laundering
2020,Wyoming,Depository Institution,Other Money Laundering,Deposit Account,16,Money Laundering
2020,Wyoming,Depository Institution,Suspicion Concerning the Physical Condition of Funds,Deposit Account,3,Money Laundering
2020,Wyoming,Depository Institution,Suspicion Concerning the Source of Funds,Deposit Account,238,Money Laundering
2020,Wyoming,Depository Institution,"Suspicious Designation of Beneficiaries, Assignees or Joint Owners",Deposit Account,2,Money Laundering
2020,Wyoming,Depository Institution,Suspicious EFT/Wire Transfers,Deposit Account,193,Money Laundering
2020,Wyoming,Depository Institution,Suspicious Exchange of Currencies,Deposit Account,3,Money Laundering
2020,Wyoming,Depository Institution,Suspicious Receipt of Government Payments/Benefits,Deposit Account,93,Money Laundering
2020,Wyoming,Depository Institution,Suspicious Use of Multiple Accounts,Deposit Account,81,Money Laundering
2020,Wyoming,Depository Institution,Suspicious Use of Noncash Monetary Instruments,Deposit Account,89,Money Laundering
2020,Wyoming,Depository Institution,Suspicious Use of Third-Party Transactors (Straw-Man),Deposit Account,4,Money Laundering
2020,Wyoming,Depository Institution,Trade Based Money Laundering/Black Market Peso Exchange,Deposit Account,1,Money Laundering
2020,Wyoming,Depository Institution,Transaction Out of Pattern for Customer(s),Deposit Account,205,Money Laundering
2020,Wyoming,Depository Institution,[Total],Deposit Account,950,Money Laundering
2020,[Total],Depository Institution,[Total],Deposit Account,"1,254,985",Money Laundering
All Years [Total],[Total],Depository Institution,[Total],Deposit Account,"1,254,985",Money Laundering
