Year Month,State,Industry,Suspicious Activity,Product,Count,Type
2020,Alabama,Depository Institution,Application Fraud,Deposit Account,1,Mortgage Fraud
2020,Alabama,Depository Institution,Origination Fraud,Deposit Account,2,Mortgage Fraud
2020,Alabama,Depository Institution,Other Mortgage Fraud,Deposit Account,1,Mortgage Fraud
2020,Alabama,Depository Institution,[Total],Deposit Account,4,Mortgage Fraud
2020,Arizona,Depository Institution,Application Fraud,Deposit Account,1,Mortgage Fraud
2020,Arizona,Depository Institution,Other Mortgage Fraud,Deposit Account,1,Mortgage Fraud
2020,Arizona,Depository Institution,[Total],Deposit Account,2,Mortgage Fraud
2020,Arkansas,Depository Institution,Application Fraud,Deposit Account,1,Mortgage Fraud
2020,Arkansas,Depository Institution,Other Mortgage Fraud,Deposit Account,2,Mortgage Fraud
2020,Arkansas,Depository Institution,[Total],Deposit Account,3,Mortgage Fraud
2020,California,Depository Institution,Application Fraud,Deposit Account,92,Mortgage Fraud
2020,California,Depository Institution,Foreclosure/Short Sale Fraud,Deposit Account,7,Mortgage Fraud
2020,California,Depository Institution,Loan Modification Fraud,Deposit Account,6,Mortgage Fraud
2020,California,Depository Institution,Origination Fraud,Deposit Account,15,Mortgage Fraud
2020,California,Depository Institution,Other Mortgage Fraud,Deposit Account,85,Mortgage Fraud
2020,California,Depository Institution,[Total],Deposit Account,205,Mortgage Fraud
2020,Colorado,Depository Institution,Application Fraud,Deposit Account,2,Mortgage Fraud
2020,Colorado,Depository Institution,Other Mortgage Fraud,Deposit Account,2,Mortgage Fraud
2020,Colorado,Depository Institution,[Total],Deposit Account,4,Mortgage Fraud
2020,Connecticut,Depository Institution,Application Fraud,Deposit Account,1,Mortgage Fraud
2020,Connecticut,Depository Institution,[Total],Deposit Account,1,Mortgage Fraud
2020,Delaware,Depository Institution,Application Fraud,Deposit Account,1,Mortgage Fraud
2020,Delaware,Depository Institution,Origination Fraud,Deposit Account,1,Mortgage Fraud
2020,Delaware,Depository Institution,Other Mortgage Fraud,Deposit Account,1,Mortgage Fraud
2020,Delaware,Depository Institution,[Total],Deposit Account,3,Mortgage Fraud
2020,Florida,Depository Institution,Application Fraud,Deposit Account,4,Mortgage Fraud
2020,Florida,Depository Institution,Foreclosure/Short Sale Fraud,Deposit Account,1,Mortgage Fraud
2020,Florida,Depository Institution,Loan Modification Fraud,Deposit Account,1,Mortgage Fraud
2020,Florida,Depository Institution,Origination Fraud,Deposit Account,4,Mortgage Fraud
2020,Florida,Depository Institution,Other Mortgage Fraud,Deposit Account,17,Mortgage Fraud
2020,Florida,Depository Institution,[Total],Deposit Account,27,Mortgage Fraud
2020,Georgia,Depository Institution,Application Fraud,Deposit Account,3,Mortgage Fraud
2020,Georgia,Depository Institution,Appraisal Fraud,Deposit Account,1,Mortgage Fraud
2020,Georgia,Depository Institution,Loan Modification Fraud,Deposit Account,1,Mortgage Fraud
2020,Georgia,Depository Institution,Origination Fraud,Deposit Account,1,Mortgage Fraud
2020,Georgia,Depository Institution,Other Mortgage Fraud,Deposit Account,3,Mortgage Fraud
2020,Georgia,Depository Institution,[Total],Deposit Account,9,Mortgage Fraud
2020,Hawaii,Depository Institution,Other Mortgage Fraud,Deposit Account,2,Mortgage Fraud
2020,Hawaii,Depository Institution,[Total],Deposit Account,2,Mortgage Fraud
2020,Illinois,Depository Institution,Foreclosure/Short Sale Fraud,Deposit Account,1,Mortgage Fraud
2020,Illinois,Depository Institution,Origination Fraud,Deposit Account,1,Mortgage Fraud
2020,Illinois,Depository Institution,Other Mortgage Fraud,Deposit Account,8,Mortgage Fraud
2020,Illinois,Depository Institution,[Total],Deposit Account,10,Mortgage Fraud
2020,Indiana,Depository Institution,Application Fraud,Deposit Account,1,Mortgage Fraud
2020,Indiana,Depository Institution,Loan Modification Fraud,Deposit Account,2,Mortgage Fraud
2020,Indiana,Depository Institution,Other Mortgage Fraud,Deposit Account,4,Mortgage Fraud
2020,Indiana,Depository Institution,[Total],Deposit Account,7,Mortgage Fraud
2020,Iowa,Depository Institution,Application Fraud,Deposit Account,3,Mortgage Fraud
2020,Iowa,Depository Institution,Other Mortgage Fraud,Deposit Account,2,Mortgage Fraud
2020,Iowa,Depository Institution,[Total],Deposit Account,5,Mortgage Fraud
2020,Kansas,Depository Institution,Other Mortgage Fraud,Deposit Account,1,Mortgage Fraud
2020,Kansas,Depository Institution,[Total],Deposit Account,1,Mortgage Fraud
2020,Kentucky,Depository Institution,Application Fraud,Deposit Account,3,Mortgage Fraud
2020,Kentucky,Depository Institution,Loan Modification Fraud,Deposit Account,1,Mortgage Fraud
2020,Kentucky,Depository Institution,Origination Fraud,Deposit Account,1,Mortgage Fraud
2020,Kentucky,Depository Institution,[Total],Deposit Account,5,Mortgage Fraud
2020,Louisiana,Depository Institution,Application Fraud,Deposit Account,1,Mortgage Fraud
2020,Louisiana,Depository Institution,Loan Modification Fraud,Deposit Account,1,Mortgage Fraud
2020,Louisiana,Depository Institution,Other Mortgage Fraud,Deposit Account,2,Mortgage Fraud
2020,Louisiana,Depository Institution,[Total],Deposit Account,4,Mortgage Fraud
2020,Maine,Depository Institution,Other Mortgage Fraud,Deposit Account,1,Mortgage Fraud
2020,Maine,Depository Institution,[Total],Deposit Account,1,Mortgage Fraud
2020,Maryland,Depository Institution,Application Fraud,Deposit Account,1,Mortgage Fraud
2020,Maryland,Depository Institution,[Total],Deposit Account,1,Mortgage Fraud
2020,Massachusetts,Depository Institution,Application Fraud,Deposit Account,2,Mortgage Fraud
2020,Massachusetts,Depository Institution,Loan Modification Fraud,Deposit Account,2,Mortgage Fraud
2020,Massachusetts,Depository Institution,Other Mortgage Fraud,Deposit Account,1,Mortgage Fraud
2020,Massachusetts,Depository Institution,[Total],Deposit Account,5,Mortgage Fraud
2020,Michigan,Depository Institution,Application Fraud,Deposit Account,12,Mortgage Fraud
2020,Michigan,Depository Institution,Foreclosure/Short Sale Fraud,Deposit Account,2,Mortgage Fraud
2020,Michigan,Depository Institution,Origination Fraud,Deposit Account,3,Mortgage Fraud
2020,Michigan,Depository Institution,Other Mortgage Fraud,Deposit Account,19,Mortgage Fraud
2020,Michigan,Depository Institution,[Total],Deposit Account,36,Mortgage Fraud
2020,Minnesota,Depository Institution,Application Fraud,Deposit Account,1,Mortgage Fraud
2020,Minnesota,Depository Institution,Other Mortgage Fraud,Deposit Account,3,Mortgage Fraud
2020,Minnesota,Depository Institution,[Total],Deposit Account,4,Mortgage Fraud
2020,Missouri,Depository Institution,Application Fraud,Deposit Account,4,Mortgage Fraud
2020,Missouri,Depository Institution,Origination Fraud,Deposit Account,1,Mortgage Fraud
2020,Missouri,Depository Institution,Other Mortgage Fraud,Deposit Account,1,Mortgage Fraud
2020,Missouri,Depository Institution,[Total],Deposit Account,6,Mortgage Fraud
2020,Nevada,Depository Institution,Loan Modification Fraud,Deposit Account,1,Mortgage Fraud
2020,Nevada,Depository Institution,[Total],Deposit Account,1,Mortgage Fraud
2020,New Jersey,Depository Institution,Foreclosure/Short Sale Fraud,Deposit Account,1,Mortgage Fraud
2020,New Jersey,Depository Institution,Other Mortgage Fraud,Deposit Account,2,Mortgage Fraud
2020,New Jersey,Depository Institution,[Total],Deposit Account,3,Mortgage Fraud
2020,New Mexico,Depository Institution,Other Mortgage Fraud,Deposit Account,2,Mortgage Fraud
2020,New Mexico,Depository Institution,[Total],Deposit Account,2,Mortgage Fraud
2020,New York,Depository Institution,Application Fraud,Deposit Account,4,Mortgage Fraud
2020,New York,Depository Institution,Foreclosure/Short Sale Fraud,Deposit Account,3,Mortgage Fraud
2020,New York,Depository Institution,Loan Modification Fraud,Deposit Account,1,Mortgage Fraud
2020,New York,Depository Institution,Origination Fraud,Deposit Account,2,Mortgage Fraud
2020,New York,Depository Institution,Other Mortgage Fraud,Deposit Account,3,Mortgage Fraud
2020,New York,Depository Institution,[Total],Deposit Account,13,Mortgage Fraud
2020,North Carolina,Depository Institution,Application Fraud,Deposit Account,46,Mortgage Fraud
2020,North Carolina,Depository Institution,Foreclosure/Short Sale Fraud,Deposit Account,1,Mortgage Fraud
2020,North Carolina,Depository Institution,Loan Modification Fraud,Deposit Account,4,Mortgage Fraud
2020,North Carolina,Depository Institution,Origination Fraud,Deposit Account,6,Mortgage Fraud
2020,North Carolina,Depository Institution,Other Mortgage Fraud,Deposit Account,14,Mortgage Fraud
2020,North Carolina,Depository Institution,[Total],Deposit Account,71,Mortgage Fraud
2020,North Dakota,Depository Institution,Application Fraud,Deposit Account,1,Mortgage Fraud
2020,North Dakota,Depository Institution,Origination Fraud,Deposit Account,2,Mortgage Fraud
2020,North Dakota,Depository Institution,[Total],Deposit Account,3,Mortgage Fraud
2020,Ohio,Depository Institution,Application Fraud,Deposit Account,27,Mortgage Fraud
2020,Ohio,Depository Institution,Foreclosure/Short Sale Fraud,Deposit Account,1,Mortgage Fraud
2020,Ohio,Depository Institution,Loan Modification Fraud,Deposit Account,4,Mortgage Fraud
2020,Ohio,Depository Institution,Origination Fraud,Deposit Account,7,Mortgage Fraud
2020,Ohio,Depository Institution,Other Mortgage Fraud,Deposit Account,9,Mortgage Fraud
2020,Ohio,Depository Institution,[Total],Deposit Account,48,Mortgage Fraud
2020,Oklahoma,Depository Institution,Application Fraud,Deposit Account,1,Mortgage Fraud
2020,Oklahoma,Depository Institution,Other Mortgage Fraud,Deposit Account,3,Mortgage Fraud
2020,Oklahoma,Depository Institution,[Total],Deposit Account,4,Mortgage Fraud
2020,Oregon,Depository Institution,Application Fraud,Deposit Account,1,Mortgage Fraud
2020,Oregon,Depository Institution,Origination Fraud,Deposit Account,1,Mortgage Fraud
2020,Oregon,Depository Institution,Other Mortgage Fraud,Deposit Account,2,Mortgage Fraud
2020,Oregon,Depository Institution,[Total],Deposit Account,4,Mortgage Fraud
2020,Pennsylvania,Depository Institution,Application Fraud,Deposit Account,1,Mortgage Fraud
2020,Pennsylvania,Depository Institution,Other Mortgage Fraud,Deposit Account,3,Mortgage Fraud
2020,Pennsylvania,Depository Institution,[Total],Deposit Account,4,Mortgage Fraud
2020,Rhode Island,Depository Institution,Application Fraud,Deposit Account,1,Mortgage Fraud
2020,Rhode Island,Depository Institution,Other Mortgage Fraud,Deposit Account,2,Mortgage Fraud
2020,Rhode Island,Depository Institution,[Total],Deposit Account,3,Mortgage Fraud
2020,South Dakota,Depository Institution,Appraisal Fraud,Deposit Account,1,Mortgage Fraud
2020,South Dakota,Depository Institution,[Total],Deposit Account,1,Mortgage Fraud
2020,Tennessee,Depository Institution,Other Mortgage Fraud,Deposit Account,1,Mortgage Fraud
2020,Tennessee,Depository Institution,[Total],Deposit Account,1,Mortgage Fraud
2020,Texas,Depository Institution,Application Fraud,Deposit Account,6,Mortgage Fraud
2020,Texas,Depository Institution,Loan Modification Fraud,Deposit Account,1,Mortgage Fraud
2020,Texas,Depository Institution,Origination Fraud,Deposit Account,2,Mortgage Fraud
2020,Texas,Depository Institution,Other Mortgage Fraud,Deposit Account,9,Mortgage Fraud
2020,Texas,Depository Institution,[Total],Deposit Account,18,Mortgage Fraud
2020,Utah,Depository Institution,Other Mortgage Fraud,Deposit Account,1,Mortgage Fraud
2020,Utah,Depository Institution,[Total],Deposit Account,1,Mortgage Fraud
2020,Virginia,Depository Institution,Application Fraud,Deposit Account,4,Mortgage Fraud
2020,Virginia,Depository Institution,Appraisal Fraud,Deposit Account,1,Mortgage Fraud
2020,Virginia,Depository Institution,Foreclosure/Short Sale Fraud,Deposit Account,1,Mortgage Fraud
2020,Virginia,Depository Institution,Origination Fraud,Deposit Account,1,Mortgage Fraud
2020,Virginia,Depository Institution,Other Mortgage Fraud,Deposit Account,2,Mortgage Fraud
2020,Virginia,Depository Institution,[Total],Deposit Account,9,Mortgage Fraud
2020,Washington,Depository Institution,Application Fraud,Deposit Account,6,Mortgage Fraud
2020,Washington,Depository Institution,Appraisal Fraud,Deposit Account,2,Mortgage Fraud
2020,Washington,Depository Institution,Other Mortgage Fraud,Deposit Account,3,Mortgage Fraud
2020,Washington,Depository Institution,[Total],Deposit Account,11,Mortgage Fraud
2020,West Virginia,Depository Institution,Application Fraud,Deposit Account,1,Mortgage Fraud
2020,West Virginia,Depository Institution,Other Mortgage Fraud,Deposit Account,2,Mortgage Fraud
2020,West Virginia,Depository Institution,[Total],Deposit Account,3,Mortgage Fraud
2020,Wisconsin,Depository Institution,Origination Fraud,Deposit Account,1,Mortgage Fraud
2020,Wisconsin,Depository Institution,Other Mortgage Fraud,Deposit Account,1,Mortgage Fraud
2020,Wisconsin,Depository Institution,[Total],Deposit Account,2,Mortgage Fraud
2020,Wyoming,Depository Institution,Other Mortgage Fraud,Deposit Account,2,Mortgage Fraud
2020,Wyoming,Depository Institution,[Total],Deposit Account,2,Mortgage Fraud
2020,[Total],Depository Institution,[Total],Deposit Account,549,Mortgage Fraud
All Years [Total],[Total],Depository Institution,[Total],Deposit Account,549,Mortgage Fraud
