Year Month,State,Industry,Suspicious Activity,Product,Count,Type
2020,Alabama,Depository Institution,Alters or Cancels Transaction to Avoid BSA Recordkeeping Requirement,Deposit Account,11,Structuring
2020,Alabama,Depository Institution,Alters or Cancels Transaction to Avoid CTR Requirement,Deposit Account,172,Structuring
2020,Alabama,Depository Institution,Other Structuring,Deposit Account,18,Structuring
2020,Alabama,Depository Institution,Suspicious Inquiry by Customer Regarding Bsa Reporting or Recordkeeping Requirements,Deposit Account,115,Structuring
2020,Alabama,Depository Institution,Transaction(s) Below BSA Recordkeeping Threshold,Deposit Account,130,Structuring
2020,Alabama,Depository Institution,Transaction(s) Below CTR Threshold,Deposit Account,"3,213",Structuring
2020,Alabama,Depository Institution,[Total],Deposit Account,"3,659",Structuring
2020,Alaska,Depository Institution,Alters or Cancels Transaction to Avoid BSA Recordkeeping Requirement,Deposit Account,6,Structuring
2020,Alaska,Depository Institution,Alters or Cancels Transaction to Avoid CTR Requirement,Deposit Account,51,Structuring
2020,Alaska,Depository Institution,Other Structuring,Deposit Account,7,Structuring
2020,Alaska,Depository Institution,Suspicious Inquiry by Customer Regarding Bsa Reporting or Recordkeeping Requirements,Deposit Account,34,Structuring
2020,Alaska,Depository Institution,Transaction(s) Below BSA Recordkeeping Threshold,Deposit Account,32,Structuring
2020,Alaska,Depository Institution,Transaction(s) Below CTR Threshold,Deposit Account,797,Structuring
2020,Alaska,Depository Institution,[Total],Deposit Account,927,Structuring
2020,Arizona,Depository Institution,Alters or Cancels Transaction to Avoid BSA Recordkeeping Requirement,Deposit Account,36,Structuring
2020,Arizona,Depository Institution,Alters or Cancels Transaction to Avoid CTR Requirement,Deposit Account,597,Structuring
2020,Arizona,Depository Institution,Other Structuring,Deposit Account,17,Structuring
2020,Arizona,Depository Institution,Suspicious Inquiry by Customer Regarding Bsa Reporting or Recordkeeping Requirements,Deposit Account,299,Structuring
2020,Arizona,Depository Institution,Transaction(s) Below BSA Recordkeeping Threshold,Deposit Account,561,Structuring
2020,Arizona,Depository Institution,Transaction(s) Below CTR Threshold,Deposit Account,"6,638",Structuring
2020,Arizona,Depository Institution,[Total],Deposit Account,"8,148",Structuring
2020,Arkansas,Depository Institution,Alters or Cancels Transaction to Avoid BSA Recordkeeping Requirement,Deposit Account,5,Structuring
2020,Arkansas,Depository Institution,Alters or Cancels Transaction to Avoid CTR Requirement,Deposit Account,65,Structuring
2020,Arkansas,Depository Institution,Other Structuring,Deposit Account,17,Structuring
2020,Arkansas,Depository Institution,Suspicious Inquiry by Customer Regarding Bsa Reporting or Recordkeeping Requirements,Deposit Account,51,Structuring
2020,Arkansas,Depository Institution,Transaction(s) Below BSA Recordkeeping Threshold,Deposit Account,37,Structuring
2020,Arkansas,Depository Institution,Transaction(s) Below CTR Threshold,Deposit Account,"2,402",Structuring
2020,Arkansas,Depository Institution,[Total],Deposit Account,"2,577",Structuring
2020,California,Depository Institution,Alters or Cancels Transaction to Avoid BSA Recordkeeping Requirement,Deposit Account,370,Structuring
2020,California,Depository Institution,Alters or Cancels Transaction to Avoid CTR Requirement,Deposit Account,"8,161",Structuring
2020,California,Depository Institution,Other Structuring,Deposit Account,206,Structuring
2020,California,Depository Institution,Suspicious Inquiry by Customer Regarding Bsa Reporting or Recordkeeping Requirements,Deposit Account,"2,139",Structuring
2020,California,Depository Institution,Transaction(s) Below BSA Recordkeeping Threshold,Deposit Account,"7,043",Structuring
2020,California,Depository Institution,Transaction(s) Below CTR Threshold,Deposit Account,"61,243",Structuring
2020,California,Depository Institution,[Total],Deposit Account,"79,162",Structuring
2020,Colorado,Depository Institution,Alters or Cancels Transaction to Avoid BSA Recordkeeping Requirement,Deposit Account,22,Structuring
2020,Colorado,Depository Institution,Alters or Cancels Transaction to Avoid CTR Requirement,Deposit Account,415,Structuring
2020,Colorado,Depository Institution,Other Structuring,Deposit Account,41,Structuring
2020,Colorado,Depository Institution,Suspicious Inquiry by Customer Regarding Bsa Reporting or Recordkeeping Requirements,Deposit Account,264,Structuring
2020,Colorado,Depository Institution,Transaction(s) Below BSA Recordkeeping Threshold,Deposit Account,349,Structuring
2020,Colorado,Depository Institution,Transaction(s) Below CTR Threshold,Deposit Account,"5,507",Structuring
2020,Colorado,Depository Institution,[Total],Deposit Account,"6,598",Structuring
2020,Connecticut,Depository Institution,Alters or Cancels Transaction to Avoid BSA Recordkeeping Requirement,Deposit Account,16,Structuring
2020,Connecticut,Depository Institution,Alters or Cancels Transaction to Avoid CTR Requirement,Deposit Account,204,Structuring
2020,Connecticut,Depository Institution,Other Structuring,Deposit Account,61,Structuring
2020,Connecticut,Depository Institution,Suspicious Inquiry by Customer Regarding Bsa Reporting or Recordkeeping Requirements,Deposit Account,105,Structuring
2020,Connecticut,Depository Institution,Transaction(s) Below BSA Recordkeeping Threshold,Deposit Account,322,Structuring
2020,Connecticut,Depository Institution,Transaction(s) Below CTR Threshold,Deposit Account,"4,105",Structuring
2020,Connecticut,Depository Institution,[Total],Deposit Account,"4,813",Structuring
2020,Delaware,Depository Institution,Alters or Cancels Transaction to Avoid BSA Recordkeeping Requirement,Deposit Account,27,Structuring
2020,Delaware,Depository Institution,Alters or Cancels Transaction to Avoid CTR Requirement,Deposit Account,128,Structuring
2020,Delaware,Depository Institution,Other Structuring,Deposit Account,80,Structuring
2020,Delaware,Depository Institution,Suspicious Inquiry by Customer Regarding Bsa Reporting or Recordkeeping Requirements,Deposit Account,20,Structuring
2020,Delaware,Depository Institution,Transaction(s) Below BSA Recordkeeping Threshold,Deposit Account,137,Structuring
2020,Delaware,Depository Institution,Transaction(s) Below CTR Threshold,Deposit Account,864,Structuring
2020,Delaware,Depository Institution,[Total],Deposit Account,"1,256",Structuring
2020,District of Columbia,Depository Institution,Alters or Cancels Transaction to Avoid BSA Recordkeeping Requirement,Deposit Account,3,Structuring
2020,District of Columbia,Depository Institution,Alters or Cancels Transaction to Avoid CTR Requirement,Deposit Account,41,Structuring
2020,District of Columbia,Depository Institution,Other Structuring,Deposit Account,9,Structuring
2020,District of Columbia,Depository Institution,Suspicious Inquiry by Customer Regarding Bsa Reporting or Recordkeeping Requirements,Deposit Account,10,Structuring
2020,District of Columbia,Depository Institution,Transaction(s) Below BSA Recordkeeping Threshold,Deposit Account,74,Structuring
2020,District of Columbia,Depository Institution,Transaction(s) Below CTR Threshold,Deposit Account,827,Structuring
2020,District of Columbia,Depository Institution,[Total],Deposit Account,964,Structuring
2020,Florida,Depository Institution,Alters or Cancels Transaction to Avoid BSA Recordkeeping Requirement,Deposit Account,103,Structuring
2020,Florida,Depository Institution,Alters or Cancels Transaction to Avoid CTR Requirement,Deposit Account,"2,167",Structuring
2020,Florida,Depository Institution,Other Structuring,Deposit Account,124,Structuring
2020,Florida,Depository Institution,Suspicious Inquiry by Customer Regarding Bsa Reporting or Recordkeeping Requirements,Deposit Account,555,Structuring
2020,Florida,Depository Institution,Transaction(s) Below BSA Recordkeeping Threshold,Deposit Account,"2,013",Structuring
2020,Florida,Depository Institution,Transaction(s) Below CTR Threshold,Deposit Account,"21,399",Structuring
2020,Florida,Depository Institution,[Total],Deposit Account,"26,361",Structuring
2020,Georgia,Depository Institution,Alters or Cancels Transaction to Avoid BSA Recordkeeping Requirement,Deposit Account,32,Structuring
2020,Georgia,Depository Institution,Alters or Cancels Transaction to Avoid CTR Requirement,Deposit Account,450,Structuring
2020,Georgia,Depository Institution,Other Structuring,Deposit Account,35,Structuring
2020,Georgia,Depository Institution,Suspicious Inquiry by Customer Regarding Bsa Reporting or Recordkeeping Requirements,Deposit Account,161,Structuring
2020,Georgia,Depository Institution,Transaction(s) Below BSA Recordkeeping Threshold,Deposit Account,490,Structuring
2020,Georgia,Depository Institution,Transaction(s) Below CTR Threshold,Deposit Account,"8,943",Structuring
2020,Georgia,Depository Institution,[Total],Deposit Account,"10,111",Structuring
2020,Guam,Depository Institution,Alters or Cancels Transaction to Avoid BSA Recordkeeping Requirement,Deposit Account,8,Structuring
2020,Guam,Depository Institution,Alters or Cancels Transaction to Avoid CTR Requirement,Deposit Account,12,Structuring
2020,Guam,Depository Institution,Other Structuring,Deposit Account,1,Structuring
2020,Guam,Depository Institution,Suspicious Inquiry by Customer Regarding Bsa Reporting or Recordkeeping Requirements,Deposit Account,5,Structuring
2020,Guam,Depository Institution,Transaction(s) Below BSA Recordkeeping Threshold,Deposit Account,66,Structuring
2020,Guam,Depository Institution,Transaction(s) Below CTR Threshold,Deposit Account,149,Structuring
2020,Guam,Depository Institution,[Total],Deposit Account,241,Structuring
2020,Hawaii,Depository Institution,Alters or Cancels Transaction to Avoid BSA Recordkeeping Requirement,Deposit Account,13,Structuring
2020,Hawaii,Depository Institution,Alters or Cancels Transaction to Avoid CTR Requirement,Deposit Account,130,Structuring
2020,Hawaii,Depository Institution,Other Structuring,Deposit Account,14,Structuring
2020,Hawaii,Depository Institution,Suspicious Inquiry by Customer Regarding Bsa Reporting or Recordkeeping Requirements,Deposit Account,44,Structuring
2020,Hawaii,Depository Institution,Transaction(s) Below BSA Recordkeeping Threshold,Deposit Account,39,Structuring
2020,Hawaii,Depository Institution,Transaction(s) Below CTR Threshold,Deposit Account,"2,941",Structuring
2020,Hawaii,Depository Institution,[Total],Deposit Account,"3,181",Structuring
2020,Idaho,Depository Institution,Alters or Cancels Transaction to Avoid BSA Recordkeeping Requirement,Deposit Account,3,Structuring
2020,Idaho,Depository Institution,Alters or Cancels Transaction to Avoid CTR Requirement,Deposit Account,71,Structuring
2020,Idaho,Depository Institution,Other Structuring,Deposit Account,2,Structuring
2020,Idaho,Depository Institution,Suspicious Inquiry by Customer Regarding Bsa Reporting or Recordkeeping Requirements,Deposit Account,43,Structuring
2020,Idaho,Depository Institution,Transaction(s) Below BSA Recordkeeping Threshold,Deposit Account,71,Structuring
2020,Idaho,Depository Institution,Transaction(s) Below CTR Threshold,Deposit Account,974,Structuring
2020,Idaho,Depository Institution,[Total],Deposit Account,"1,164",Structuring
2020,Illinois,Depository Institution,Alters or Cancels Transaction to Avoid BSA Recordkeeping Requirement,Deposit Account,56,Structuring
2020,Illinois,Depository Institution,Alters or Cancels Transaction to Avoid CTR Requirement,Deposit Account,929,Structuring
2020,Illinois,Depository Institution,Other Structuring,Deposit Account,81,Structuring
2020,Illinois,Depository Institution,Suspicious Inquiry by Customer Regarding Bsa Reporting or Recordkeeping Requirements,Deposit Account,310,Structuring
2020,Illinois,Depository Institution,Transaction(s) Below BSA Recordkeeping Threshold,Deposit Account,"1,201",Structuring
2020,Illinois,Depository Institution,Transaction(s) Below CTR Threshold,Deposit Account,"10,463",Structuring
2020,Illinois,Depository Institution,[Total],Deposit Account,"13,040",Structuring
2020,Indiana,Depository Institution,Alters or Cancels Transaction to Avoid BSA Recordkeeping Requirement,Deposit Account,25,Structuring
2020,Indiana,Depository Institution,Alters or Cancels Transaction to Avoid CTR Requirement,Deposit Account,288,Structuring
2020,Indiana,Depository Institution,Other Structuring,Deposit Account,41,Structuring
2020,Indiana,Depository Institution,Suspicious Inquiry by Customer Regarding Bsa Reporting or Recordkeeping Requirements,Deposit Account,159,Structuring
2020,Indiana,Depository Institution,Transaction(s) Below BSA Recordkeeping Threshold,Deposit Account,512,Structuring
2020,Indiana,Depository Institution,Transaction(s) Below CTR Threshold,Deposit Account,"5,294",Structuring
2020,Indiana,Depository Institution,[Total],Deposit Account,"6,319",Structuring
2020,Iowa,Depository Institution,Alters or Cancels Transaction to Avoid BSA Recordkeeping Requirement,Deposit Account,18,Structuring
2020,Iowa,Depository Institution,Alters or Cancels Transaction to Avoid CTR Requirement,Deposit Account,61,Structuring
2020,Iowa,Depository Institution,Other Structuring,Deposit Account,15,Structuring
2020,Iowa,Depository Institution,Suspicious Inquiry by Customer Regarding Bsa Reporting or Recordkeeping Requirements,Deposit Account,46,Structuring
2020,Iowa,Depository Institution,Transaction(s) Below BSA Recordkeeping Threshold,Deposit Account,87,Structuring
2020,Iowa,Depository Institution,Transaction(s) Below CTR Threshold,Deposit Account,"1,201",Structuring
2020,Iowa,Depository Institution,[Total],Deposit Account,"1,428",Structuring
2020,Kansas,Depository Institution,Alters or Cancels Transaction to Avoid BSA Recordkeeping Requirement,Deposit Account,17,Structuring
2020,Kansas,Depository Institution,Alters or Cancels Transaction to Avoid CTR Requirement,Deposit Account,93,Structuring
2020,Kansas,Depository Institution,Other Structuring,Deposit Account,15,Structuring
2020,Kansas,Depository Institution,Suspicious Inquiry by Customer Regarding Bsa Reporting or Recordkeeping Requirements,Deposit Account,82,Structuring
2020,Kansas,Depository Institution,Transaction(s) Below BSA Recordkeeping Threshold,Deposit Account,58,Structuring
2020,Kansas,Depository Institution,Transaction(s) Below CTR Threshold,Deposit Account,"1,483",Structuring
2020,Kansas,Depository Institution,[Total],Deposit Account,"1,748",Structuring
2020,Kentucky,Depository Institution,Alters or Cancels Transaction to Avoid BSA Recordkeeping Requirement,Deposit Account,19,Structuring
2020,Kentucky,Depository Institution,Alters or Cancels Transaction to Avoid CTR Requirement,Deposit Account,174,Structuring
2020,Kentucky,Depository Institution,Other Structuring,Deposit Account,18,Structuring
2020,Kentucky,Depository Institution,Suspicious Inquiry by Customer Regarding Bsa Reporting or Recordkeeping Requirements,Deposit Account,90,Structuring
2020,Kentucky,Depository Institution,Transaction(s) Below BSA Recordkeeping Threshold,Deposit Account,443,Structuring
2020,Kentucky,Depository Institution,Transaction(s) Below CTR Threshold,Deposit Account,"2,997",Structuring
2020,Kentucky,Depository Institution,[Total],Deposit Account,"3,741",Structuring
2020,Louisiana,Depository Institution,Alters or Cancels Transaction to Avoid BSA Recordkeeping Requirement,Deposit Account,15,Structuring
2020,Louisiana,Depository Institution,Alters or Cancels Transaction to Avoid CTR Requirement,Deposit Account,243,Structuring
2020,Louisiana,Depository Institution,Other Structuring,Deposit Account,25,Structuring
2020,Louisiana,Depository Institution,Suspicious Inquiry by Customer Regarding Bsa Reporting or Recordkeeping Requirements,Deposit Account,90,Structuring
2020,Louisiana,Depository Institution,Transaction(s) Below BSA Recordkeeping Threshold,Deposit Account,421,Structuring
2020,Louisiana,Depository Institution,Transaction(s) Below CTR Threshold,Deposit Account,"4,423",Structuring
2020,Louisiana,Depository Institution,[Total],Deposit Account,"5,217",Structuring
2020,Maine,Depository Institution,Alters or Cancels Transaction to Avoid BSA Recordkeeping Requirement,Deposit Account,5,Structuring
2020,Maine,Depository Institution,Alters or Cancels Transaction to Avoid CTR Requirement,Deposit Account,50,Structuring
2020,Maine,Depository Institution,Other Structuring,Deposit Account,15,Structuring
2020,Maine,Depository Institution,Suspicious Inquiry by Customer Regarding Bsa Reporting or Recordkeeping Requirements,Deposit Account,40,Structuring
2020,Maine,Depository Institution,Transaction(s) Below BSA Recordkeeping Threshold,Deposit Account,33,Structuring
2020,Maine,Depository Institution,Transaction(s) Below CTR Threshold,Deposit Account,"1,072",Structuring
2020,Maine,Depository Institution,[Total],Deposit Account,"1,215",Structuring
2020,Maryland,Depository Institution,Alters or Cancels Transaction to Avoid BSA Recordkeeping Requirement,Deposit Account,23,Structuring
2020,Maryland,Depository Institution,Alters or Cancels Transaction to Avoid CTR Requirement,Deposit Account,229,Structuring
2020,Maryland,Depository Institution,Other Structuring,Deposit Account,40,Structuring
2020,Maryland,Depository Institution,Suspicious Inquiry by Customer Regarding Bsa Reporting or Recordkeeping Requirements,Deposit Account,91,Structuring
2020,Maryland,Depository Institution,Transaction(s) Below BSA Recordkeeping Threshold,Deposit Account,595,Structuring
2020,Maryland,Depository Institution,Transaction(s) Below CTR Threshold,Deposit Account,"3,957",Structuring
2020,Maryland,Depository Institution,[Total],Deposit Account,"4,935",Structuring
2020,Massachusetts,Depository Institution,Alters or Cancels Transaction to Avoid BSA Recordkeeping Requirement,Deposit Account,35,Structuring
2020,Massachusetts,Depository Institution,Alters or Cancels Transaction to Avoid CTR Requirement,Deposit Account,320,Structuring
2020,Massachusetts,Depository Institution,Other Structuring,Deposit Account,111,Structuring
2020,Massachusetts,Depository Institution,Suspicious Inquiry by Customer Regarding Bsa Reporting or Recordkeeping Requirements,Deposit Account,167,Structuring
2020,Massachusetts,Depository Institution,Transaction(s) Below BSA Recordkeeping Threshold,Deposit Account,483,Structuring
2020,Massachusetts,Depository Institution,Transaction(s) Below CTR Threshold,Deposit Account,"8,399",Structuring
2020,Massachusetts,Depository Institution,[Total],Deposit Account,"9,515",Structuring
2020,Michigan,Depository Institution,Alters or Cancels Transaction to Avoid BSA Recordkeeping Requirement,Deposit Account,39,Structuring
2020,Michigan,Depository Institution,Alters or Cancels Transaction to Avoid CTR Requirement,Deposit Account,728,Structuring
2020,Michigan,Depository Institution,Other Structuring,Deposit Account,70,Structuring
2020,Michigan,Depository Institution,Suspicious Inquiry by Customer Regarding Bsa Reporting or Recordkeeping Requirements,Deposit Account,260,Structuring
2020,Michigan,Depository Institution,Transaction(s) Below BSA Recordkeeping Threshold,Deposit Account,589,Structuring
2020,Michigan,Depository Institution,Transaction(s) Below CTR Threshold,Deposit Account,"7,346",Structuring
2020,Michigan,Depository Institution,[Total],Deposit Account,"9,032",Structuring
2020,Minnesota,Depository Institution,Alters or Cancels Transaction to Avoid BSA Recordkeeping Requirement,Deposit Account,19,Structuring
2020,Minnesota,Depository Institution,Alters or Cancels Transaction to Avoid CTR Requirement,Deposit Account,127,Structuring
2020,Minnesota,Depository Institution,Other Structuring,Deposit Account,25,Structuring
2020,Minnesota,Depository Institution,Suspicious Inquiry by Customer Regarding Bsa Reporting or Recordkeeping Requirements,Deposit Account,122,Structuring
2020,Minnesota,Depository Institution,Transaction(s) Below BSA Recordkeeping Threshold,Deposit Account,174,Structuring
2020,Minnesota,Depository Institution,Transaction(s) Below CTR Threshold,Deposit Account,"3,679",Structuring
2020,Minnesota,Depository Institution,[Total],Deposit Account,"4,146",Structuring
2020,Mississippi,Depository Institution,Alters or Cancels Transaction to Avoid BSA Recordkeeping Requirement,Deposit Account,29,Structuring
2020,Mississippi,Depository Institution,Alters or Cancels Transaction to Avoid CTR Requirement,Deposit Account,480,Structuring
2020,Mississippi,Depository Institution,Other Structuring,Deposit Account,23,Structuring
2020,Mississippi,Depository Institution,Suspicious Inquiry by Customer Regarding Bsa Reporting or Recordkeeping Requirements,Deposit Account,39,Structuring
2020,Mississippi,Depository Institution,Transaction(s) Below BSA Recordkeeping Threshold,Deposit Account,129,Structuring
2020,Mississippi,Depository Institution,Transaction(s) Below CTR Threshold,Deposit Account,"4,080",Structuring
2020,Mississippi,Depository Institution,[Total],Deposit Account,"4,780",Structuring
2020,Missouri,Depository Institution,Alters or Cancels Transaction to Avoid BSA Recordkeeping Requirement,Deposit Account,20,Structuring
2020,Missouri,Depository Institution,Alters or Cancels Transaction to Avoid CTR Requirement,Deposit Account,159,Structuring
2020,Missouri,Depository Institution,Other Structuring,Deposit Account,44,Structuring
2020,Missouri,Depository Institution,Suspicious Inquiry by Customer Regarding Bsa Reporting or Recordkeeping Requirements,Deposit Account,114,Structuring
2020,Missouri,Depository Institution,Transaction(s) Below BSA Recordkeeping Threshold,Deposit Account,93,Structuring
2020,Missouri,Depository Institution,Transaction(s) Below CTR Threshold,Deposit Account,"3,218",Structuring
2020,Missouri,Depository Institution,[Total],Deposit Account,"3,648",Structuring
2020,Montana,Depository Institution,Alters or Cancels Transaction to Avoid BSA Recordkeeping Requirement,Deposit Account,5,Structuring
2020,Montana,Depository Institution,Alters or Cancels Transaction to Avoid CTR Requirement,Deposit Account,40,Structuring
2020,Montana,Depository Institution,Other Structuring,Deposit Account,4,Structuring
2020,Montana,Depository Institution,Suspicious Inquiry by Customer Regarding Bsa Reporting or Recordkeeping Requirements,Deposit Account,30,Structuring
2020,Montana,Depository Institution,Transaction(s) Below BSA Recordkeeping Threshold,Deposit Account,24,Structuring
2020,Montana,Depository Institution,Transaction(s) Below CTR Threshold,Deposit Account,591,Structuring
2020,Montana,Depository Institution,[Total],Deposit Account,694,Structuring
2020,Nebraska,Depository Institution,Alters or Cancels Transaction to Avoid BSA Recordkeeping Requirement,Deposit Account,11,Structuring
2020,Nebraska,Depository Institution,Alters or Cancels Transaction to Avoid CTR Requirement,Deposit Account,69,Structuring
2020,Nebraska,Depository Institution,Other Structuring,Deposit Account,11,Structuring
2020,Nebraska,Depository Institution,Suspicious Inquiry by Customer Regarding Bsa Reporting or Recordkeeping Requirements,Deposit Account,61,Structuring
2020,Nebraska,Depository Institution,Transaction(s) Below BSA Recordkeeping Threshold,Deposit Account,38,Structuring
2020,Nebraska,Depository Institution,Transaction(s) Below CTR Threshold,Deposit Account,973,Structuring
2020,Nebraska,Depository Institution,[Total],Deposit Account,"1,163",Structuring
2020,Nevada,Depository Institution,Alters or Cancels Transaction to Avoid BSA Recordkeeping Requirement,Deposit Account,18,Structuring
2020,Nevada,Depository Institution,Alters or Cancels Transaction to Avoid CTR Requirement,Deposit Account,411,Structuring
2020,Nevada,Depository Institution,Other Structuring,Deposit Account,8,Structuring
2020,Nevada,Depository Institution,Suspicious Inquiry by Customer Regarding Bsa Reporting or Recordkeeping Requirements,Deposit Account,183,Structuring
2020,Nevada,Depository Institution,Transaction(s) Below BSA Recordkeeping Threshold,Deposit Account,619,Structuring
2020,Nevada,Depository Institution,Transaction(s) Below CTR Threshold,Deposit Account,"4,564",Structuring
2020,Nevada,Depository Institution,[Total],Deposit Account,"5,803",Structuring
2020,New Hampshire,Depository Institution,Alters or Cancels Transaction to Avoid BSA Recordkeeping Requirement,Deposit Account,9,Structuring
2020,New Hampshire,Depository Institution,Alters or Cancels Transaction to Avoid CTR Requirement,Deposit Account,79,Structuring
2020,New Hampshire,Depository Institution,Other Structuring,Deposit Account,3,Structuring
2020,New Hampshire,Depository Institution,Suspicious Inquiry by Customer Regarding Bsa Reporting or Recordkeeping Requirements,Deposit Account,35,Structuring
2020,New Hampshire,Depository Institution,Transaction(s) Below BSA Recordkeeping Threshold,Deposit Account,62,Structuring
2020,New Hampshire,Depository Institution,Transaction(s) Below CTR Threshold,Deposit Account,"1,295",Structuring
2020,New Hampshire,Depository Institution,[Total],Deposit Account,"1,483",Structuring
2020,New Jersey,Depository Institution,Alters or Cancels Transaction to Avoid BSA Recordkeeping Requirement,Deposit Account,66,Structuring
2020,New Jersey,Depository Institution,Alters or Cancels Transaction to Avoid CTR Requirement,Deposit Account,798,Structuring
2020,New Jersey,Depository Institution,Other Structuring,Deposit Account,61,Structuring
2020,New Jersey,Depository Institution,Suspicious Inquiry by Customer Regarding Bsa Reporting or Recordkeeping Requirements,Deposit Account,209,Structuring
2020,New Jersey,Depository Institution,Transaction(s) Below BSA Recordkeeping Threshold,Deposit Account,"1,190",Structuring
2020,New Jersey,Depository Institution,Transaction(s) Below CTR Threshold,Deposit Account,"9,736",Structuring
2020,New Jersey,Depository Institution,[Total],Deposit Account,"12,060",Structuring
2020,New Mexico,Depository Institution,Alters or Cancels Transaction to Avoid BSA Recordkeeping Requirement,Deposit Account,11,Structuring
2020,New Mexico,Depository Institution,Alters or Cancels Transaction to Avoid CTR Requirement,Deposit Account,62,Structuring
2020,New Mexico,Depository Institution,Other Structuring,Deposit Account,15,Structuring
2020,New Mexico,Depository Institution,Suspicious Inquiry by Customer Regarding Bsa Reporting or Recordkeeping Requirements,Deposit Account,57,Structuring
2020,New Mexico,Depository Institution,Transaction(s) Below BSA Recordkeeping Threshold,Deposit Account,154,Structuring
2020,New Mexico,Depository Institution,Transaction(s) Below CTR Threshold,Deposit Account,"1,436",Structuring
2020,New Mexico,Depository Institution,[Total],Deposit Account,"1,735",Structuring
2020,New York,Depository Institution,Alters or Cancels Transaction to Avoid BSA Recordkeeping Requirement,Deposit Account,141,Structuring
2020,New York,Depository Institution,Alters or Cancels Transaction to Avoid CTR Requirement,Deposit Account,"2,527",Structuring
2020,New York,Depository Institution,Other Structuring,Deposit Account,121,Structuring
2020,New York,Depository Institution,Suspicious Inquiry by Customer Regarding Bsa Reporting or Recordkeeping Requirements,Deposit Account,432,Structuring
2020,New York,Depository Institution,Transaction(s) Below BSA Recordkeeping Threshold,Deposit Account,"4,249",Structuring
2020,New York,Depository Institution,Transaction(s) Below CTR Threshold,Deposit Account,"26,522",Structuring
2020,New York,Depository Institution,[Total],Deposit Account,"33,992",Structuring
2020,North Carolina,Depository Institution,Alters or Cancels Transaction to Avoid BSA Recordkeeping Requirement,Deposit Account,34,Structuring
2020,North Carolina,Depository Institution,Alters or Cancels Transaction to Avoid CTR Requirement,Deposit Account,325,Structuring
2020,North Carolina,Depository Institution,Other Structuring,Deposit Account,47,Structuring
2020,North Carolina,Depository Institution,Suspicious Inquiry by Customer Regarding Bsa Reporting or Recordkeeping Requirements,Deposit Account,133,Structuring
2020,North Carolina,Depository Institution,Transaction(s) Below BSA Recordkeeping Threshold,Deposit Account,111,Structuring
2020,North Carolina,Depository Institution,Transaction(s) Below CTR Threshold,Deposit Account,"8,670",Structuring
2020,North Carolina,Depository Institution,[Total],Deposit Account,"9,320",Structuring
2020,North Dakota,Depository Institution,Alters or Cancels Transaction to Avoid BSA Recordkeeping Requirement,Deposit Account,3,Structuring
2020,North Dakota,Depository Institution,Alters or Cancels Transaction to Avoid CTR Requirement,Deposit Account,29,Structuring
2020,North Dakota,Depository Institution,Other Structuring,Deposit Account,4,Structuring
2020,North Dakota,Depository Institution,Suspicious Inquiry by Customer Regarding Bsa Reporting or Recordkeeping Requirements,Deposit Account,23,Structuring
2020,North Dakota,Depository Institution,Transaction(s) Below BSA Recordkeeping Threshold,Deposit Account,14,Structuring
2020,North Dakota,Depository Institution,Transaction(s) Below CTR Threshold,Deposit Account,627,Structuring
2020,North Dakota,Depository Institution,[Total],Deposit Account,700,Structuring
2020,Ohio,Depository Institution,Alters or Cancels Transaction to Avoid BSA Recordkeeping Requirement,Deposit Account,37,Structuring
2020,Ohio,Depository Institution,Alters or Cancels Transaction to Avoid CTR Requirement,Deposit Account,531,Structuring
2020,Ohio,Depository Institution,Other Structuring,Deposit Account,100,Structuring
2020,Ohio,Depository Institution,Suspicious Inquiry by Customer Regarding Bsa Reporting or Recordkeeping Requirements,Deposit Account,254,Structuring
2020,Ohio,Depository Institution,Transaction(s) Below BSA Recordkeeping Threshold,Deposit Account,807,Structuring
2020,Ohio,Depository Institution,Transaction(s) Below CTR Threshold,Deposit Account,"8,083",Structuring
2020,Ohio,Depository Institution,[Total],Deposit Account,"9,812",Structuring
2020,Oklahoma,Depository Institution,Alters or Cancels Transaction to Avoid BSA Recordkeeping Requirement,Deposit Account,41,Structuring
2020,Oklahoma,Depository Institution,Alters or Cancels Transaction to Avoid CTR Requirement,Deposit Account,155,Structuring
2020,Oklahoma,Depository Institution,Other Structuring,Deposit Account,39,Structuring
2020,Oklahoma,Depository Institution,Suspicious Inquiry by Customer Regarding Bsa Reporting or Recordkeeping Requirements,Deposit Account,104,Structuring
2020,Oklahoma,Depository Institution,Transaction(s) Below BSA Recordkeeping Threshold,Deposit Account,609,Structuring
2020,Oklahoma,Depository Institution,Transaction(s) Below CTR Threshold,Deposit Account,"2,976",Structuring
2020,Oklahoma,Depository Institution,[Total],Deposit Account,"3,924",Structuring
2020,Oregon,Depository Institution,Alters or Cancels Transaction to Avoid BSA Recordkeeping Requirement,Deposit Account,19,Structuring
2020,Oregon,Depository Institution,Alters or Cancels Transaction to Avoid CTR Requirement,Deposit Account,238,Structuring
2020,Oregon,Depository Institution,Other Structuring,Deposit Account,24,Structuring
2020,Oregon,Depository Institution,Suspicious Inquiry by Customer Regarding Bsa Reporting or Recordkeeping Requirements,Deposit Account,170,Structuring
2020,Oregon,Depository Institution,Transaction(s) Below BSA Recordkeeping Threshold,Deposit Account,218,Structuring
2020,Oregon,Depository Institution,Transaction(s) Below CTR Threshold,Deposit Account,"3,946",Structuring
2020,Oregon,Depository Institution,[Total],Deposit Account,"4,615",Structuring
2020,Pennsylvania,Depository Institution,Alters or Cancels Transaction to Avoid BSA Recordkeeping Requirement,Deposit Account,47,Structuring
2020,Pennsylvania,Depository Institution,Alters or Cancels Transaction to Avoid CTR Requirement,Deposit Account,380,Structuring
2020,Pennsylvania,Depository Institution,Other Structuring,Deposit Account,70,Structuring
2020,Pennsylvania,Depository Institution,Suspicious Inquiry by Customer Regarding Bsa Reporting or Recordkeeping Requirements,Deposit Account,265,Structuring
2020,Pennsylvania,Depository Institution,Transaction(s) Below BSA Recordkeeping Threshold,Deposit Account,605,Structuring
2020,Pennsylvania,Depository Institution,Transaction(s) Below CTR Threshold,Deposit Account,"10,191",Structuring
2020,Pennsylvania,Depository Institution,[Total],Deposit Account,"11,558",Structuring
2020,Rhode Island,Depository Institution,Alters or Cancels Transaction to Avoid BSA Recordkeeping Requirement,Deposit Account,3,Structuring
2020,Rhode Island,Depository Institution,Alters or Cancels Transaction to Avoid CTR Requirement,Deposit Account,34,Structuring
2020,Rhode Island,Depository Institution,Other Structuring,Deposit Account,2,Structuring
2020,Rhode Island,Depository Institution,Suspicious Inquiry by Customer Regarding Bsa Reporting or Recordkeeping Requirements,Deposit Account,17,Structuring
2020,Rhode Island,Depository Institution,Transaction(s) Below BSA Recordkeeping Threshold,Deposit Account,138,Structuring
2020,Rhode Island,Depository Institution,Transaction(s) Below CTR Threshold,Deposit Account,"1,468",Structuring
2020,Rhode Island,Depository Institution,[Total],Deposit Account,"1,662",Structuring
2020,South Carolina,Depository Institution,Alters or Cancels Transaction to Avoid BSA Recordkeeping Requirement,Deposit Account,8,Structuring
2020,South Carolina,Depository Institution,Alters or Cancels Transaction to Avoid CTR Requirement,Deposit Account,110,Structuring
2020,South Carolina,Depository Institution,Other Structuring,Deposit Account,15,Structuring
2020,South Carolina,Depository Institution,Suspicious Inquiry by Customer Regarding Bsa Reporting or Recordkeeping Requirements,Deposit Account,67,Structuring
2020,South Carolina,Depository Institution,Transaction(s) Below BSA Recordkeeping Threshold,Deposit Account,151,Structuring
2020,South Carolina,Depository Institution,Transaction(s) Below CTR Threshold,Deposit Account,"3,300",Structuring
2020,South Carolina,Depository Institution,[Total],Deposit Account,"3,651",Structuring
2020,South Dakota,Depository Institution,Alters or Cancels Transaction to Avoid BSA Recordkeeping Requirement,Deposit Account,2,Structuring
2020,South Dakota,Depository Institution,Alters or Cancels Transaction to Avoid CTR Requirement,Deposit Account,9,Structuring
2020,South Dakota,Depository Institution,Other Structuring,Deposit Account,55,Structuring
2020,South Dakota,Depository Institution,Suspicious Inquiry by Customer Regarding Bsa Reporting or Recordkeeping Requirements,Deposit Account,22,Structuring
2020,South Dakota,Depository Institution,Transaction(s) Below BSA Recordkeeping Threshold,Deposit Account,20,Structuring
2020,South Dakota,Depository Institution,Transaction(s) Below CTR Threshold,Deposit Account,325,Structuring
2020,South Dakota,Depository Institution,[Total],Deposit Account,433,Structuring
2020,Tennessee,Depository Institution,Alters or Cancels Transaction to Avoid BSA Recordkeeping Requirement,Deposit Account,23,Structuring
2020,Tennessee,Depository Institution,Alters or Cancels Transaction to Avoid CTR Requirement,Deposit Account,186,Structuring
2020,Tennessee,Depository Institution,Other Structuring,Deposit Account,41,Structuring
2020,Tennessee,Depository Institution,Suspicious Inquiry by Customer Regarding Bsa Reporting or Recordkeeping Requirements,Deposit Account,162,Structuring
2020,Tennessee,Depository Institution,Transaction(s) Below BSA Recordkeeping Threshold,Deposit Account,159,Structuring
2020,Tennessee,Depository Institution,Transaction(s) Below CTR Threshold,Deposit Account,"6,426",Structuring
2020,Tennessee,Depository Institution,[Total],Deposit Account,"6,997",Structuring
2020,Texas,Depository Institution,Alters or Cancels Transaction to Avoid BSA Recordkeeping Requirement,Deposit Account,152,Structuring
2020,Texas,Depository Institution,Alters or Cancels Transaction to Avoid CTR Requirement,Deposit Account,"2,082",Structuring
2020,Texas,Depository Institution,Other Structuring,Deposit Account,268,Structuring
2020,Texas,Depository Institution,Suspicious Inquiry by Customer Regarding Bsa Reporting or Recordkeeping Requirements,Deposit Account,700,Structuring
2020,Texas,Depository Institution,Transaction(s) Below BSA Recordkeeping Threshold,Deposit Account,"2,716",Structuring
2020,Texas,Depository Institution,Transaction(s) Below CTR Threshold,Deposit Account,"30,458",Structuring
2020,Texas,Depository Institution,[Total],Deposit Account,"36,376",Structuring
2020,Utah,Depository Institution,Alters or Cancels Transaction to Avoid BSA Recordkeeping Requirement,Deposit Account,11,Structuring
2020,Utah,Depository Institution,Alters or Cancels Transaction to Avoid CTR Requirement,Deposit Account,233,Structuring
2020,Utah,Depository Institution,Other Structuring,Deposit Account,8,Structuring
2020,Utah,Depository Institution,Suspicious Inquiry by Customer Regarding Bsa Reporting or Recordkeeping Requirements,Deposit Account,94,Structuring
2020,Utah,Depository Institution,Transaction(s) Below BSA Recordkeeping Threshold,Deposit Account,116,Structuring
2020,Utah,Depository Institution,Transaction(s) Below CTR Threshold,Deposit Account,"2,037",Structuring
2020,Utah,Depository Institution,[Total],Deposit Account,"2,499",Structuring
2020,Vermont,Depository Institution,Alters or Cancels Transaction to Avoid BSA Recordkeeping Requirement,Deposit Account,5,Structuring
2020,Vermont,Depository Institution,Alters or Cancels Transaction to Avoid CTR Requirement,Deposit Account,19,Structuring
2020,Vermont,Depository Institution,Other Structuring,Deposit Account,4,Structuring
2020,Vermont,Depository Institution,Suspicious Inquiry by Customer Regarding Bsa Reporting or Recordkeeping Requirements,Deposit Account,32,Structuring
2020,Vermont,Depository Institution,Transaction(s) Below BSA Recordkeeping Threshold,Deposit Account,28,Structuring
2020,Vermont,Depository Institution,Transaction(s) Below CTR Threshold,Deposit Account,441,Structuring
2020,Vermont,Depository Institution,[Total],Deposit Account,529,Structuring
2020,Virginia,Depository Institution,Alters or Cancels Transaction to Avoid BSA Recordkeeping Requirement,Deposit Account,34,Structuring
2020,Virginia,Depository Institution,Alters or Cancels Transaction to Avoid CTR Requirement,Deposit Account,299,Structuring
2020,Virginia,Depository Institution,Other Structuring,Deposit Account,58,Structuring
2020,Virginia,Depository Institution,Suspicious Inquiry by Customer Regarding Bsa Reporting or Recordkeeping Requirements,Deposit Account,134,Structuring
2020,Virginia,Depository Institution,Transaction(s) Below BSA Recordkeeping Threshold,Deposit Account,291,Structuring
2020,Virginia,Depository Institution,Transaction(s) Below CTR Threshold,Deposit Account,"6,494",Structuring
2020,Virginia,Depository Institution,[Total],Deposit Account,"7,310",Structuring
2020,Washington,Depository Institution,Alters or Cancels Transaction to Avoid BSA Recordkeeping Requirement,Deposit Account,37,Structuring
2020,Washington,Depository Institution,Alters or Cancels Transaction to Avoid CTR Requirement,Deposit Account,478,Structuring
2020,Washington,Depository Institution,Other Structuring,Deposit Account,27,Structuring
2020,Washington,Depository Institution,Suspicious Inquiry by Customer Regarding Bsa Reporting or Recordkeeping Requirements,Deposit Account,302,Structuring
2020,Washington,Depository Institution,Transaction(s) Below BSA Recordkeeping Threshold,Deposit Account,447,Structuring
2020,Washington,Depository Institution,Transaction(s) Below CTR Threshold,Deposit Account,"6,776",Structuring
2020,Washington,Depository Institution,[Total],Deposit Account,"8,067",Structuring
2020,West Virginia,Depository Institution,Alters or Cancels Transaction to Avoid BSA Recordkeeping Requirement,Deposit Account,2,Structuring
2020,West Virginia,Depository Institution,Alters or Cancels Transaction to Avoid CTR Requirement,Deposit Account,44,Structuring
2020,West Virginia,Depository Institution,Other Structuring,Deposit Account,28,Structuring
2020,West Virginia,Depository Institution,Suspicious Inquiry by Customer Regarding Bsa Reporting or Recordkeeping Requirements,Deposit Account,40,Structuring
2020,West Virginia,Depository Institution,Transaction(s) Below BSA Recordkeeping Threshold,Deposit Account,86,Structuring
2020,West Virginia,Depository Institution,Transaction(s) Below CTR Threshold,Deposit Account,"1,224",Structuring
2020,West Virginia,Depository Institution,[Total],Deposit Account,"1,424",Structuring
2020,Wisconsin,Depository Institution,Alters or Cancels Transaction to Avoid BSA Recordkeeping Requirement,Deposit Account,26,Structuring
2020,Wisconsin,Depository Institution,Alters or Cancels Transaction to Avoid CTR Requirement,Deposit Account,174,Structuring
2020,Wisconsin,Depository Institution,Other Structuring,Deposit Account,33,Structuring
2020,Wisconsin,Depository Institution,Suspicious Inquiry by Customer Regarding Bsa Reporting or Recordkeeping Requirements,Deposit Account,126,Structuring
2020,Wisconsin,Depository Institution,Transaction(s) Below BSA Recordkeeping Threshold,Deposit Account,269,Structuring
2020,Wisconsin,Depository Institution,Transaction(s) Below CTR Threshold,Deposit Account,"3,738",Structuring
2020,Wisconsin,Depository Institution,[Total],Deposit Account,"4,366",Structuring
2020,Wyoming,Depository Institution,Alters or Cancels Transaction to Avoid BSA Recordkeeping Requirement,Deposit Account,5,Structuring
2020,Wyoming,Depository Institution,Alters or Cancels Transaction to Avoid CTR Requirement,Deposit Account,21,Structuring
2020,Wyoming,Depository Institution,Other Structuring,Deposit Account,2,Structuring
2020,Wyoming,Depository Institution,Suspicious Inquiry by Customer Regarding Bsa Reporting or Recordkeeping Requirements,Deposit Account,35,Structuring
2020,Wyoming,Depository Institution,Transaction(s) Below BSA Recordkeeping Threshold,Deposit Account,31,Structuring
2020,Wyoming,Depository Institution,Transaction(s) Below CTR Threshold,Deposit Account,237,Structuring
2020,Wyoming,Depository Institution,[Total],Deposit Account,331,Structuring
2020,[Total],Depository Institution,[Total],Deposit Account,"388,430",Structuring
All Years [Total],[Total],Depository Institution,[Total],Deposit Account,"388,430",Structuring
