Year Month,State,Industry,Suspicious Activity,Count,Type 
2020,Alabama,Depository Institution,Known or Suspected Terrorist/Terrorist Organization,14,Terrorist Financing
2020,Alabama,Depository Institution,Other Terrorist,5,Terrorist Financing
2020,Alabama,Depository Institution,[Total],19,Terrorist Financing
2020,Alaska,Depository Institution,Known or Suspected Terrorist/Terrorist Organization,1,Terrorist Financing
2020,Alaska,Depository Institution,[Total],1,Terrorist Financing
2020,Arizona,Depository Institution,Known or Suspected Terrorist/Terrorist Organization,15,Terrorist Financing
2020,Arizona,Depository Institution,Other Terrorist,4,Terrorist Financing
2020,Arizona,Depository Institution,[Total],19,Terrorist Financing
2020,California,Depository Institution,Known or Suspected Terrorist/Terrorist Organization,70,Terrorist Financing
2020,California,Depository Institution,Other Terrorist,8,Terrorist Financing
2020,California,Depository Institution,[Total],78,Terrorist Financing
2020,Colorado,Depository Institution,Known or Suspected Terrorist/Terrorist Organization,8,Terrorist Financing
2020,Colorado,Depository Institution,Other Terrorist,1,Terrorist Financing
2020,Colorado,Depository Institution,[Total],9,Terrorist Financing
2020,Connecticut,Depository Institution,Known or Suspected Terrorist/Terrorist Organization,4,Terrorist Financing
2020,Connecticut,Depository Institution,Other Terrorist,2,Terrorist Financing
2020,Connecticut,Depository Institution,[Total],6,Terrorist Financing
2020,Delaware,Depository Institution,Known or Suspected Terrorist/Terrorist Organization,6,Terrorist Financing
2020,Delaware,Depository Institution,Other Terrorist,1,Terrorist Financing
2020,Delaware,Depository Institution,[Total],7,Terrorist Financing
2020,District of Columbia,Depository Institution,Known or Suspected Terrorist/Terrorist Organization,4,Terrorist Financing
2020,District of Columbia,Depository Institution,Other Terrorist,2,Terrorist Financing
2020,District of Columbia,Depository Institution,[Total],6,Terrorist Financing
2020,Florida,Depository Institution,Known or Suspected Terrorist/Terrorist Organization,25,Terrorist Financing
2020,Florida,Depository Institution,Other Terrorist,5,Terrorist Financing
2020,Florida,Depository Institution,[Total],30,Terrorist Financing
2020,Georgia,Depository Institution,Known or Suspected Terrorist/Terrorist Organization,12,Terrorist Financing
2020,Georgia,Depository Institution,Other Terrorist,4,Terrorist Financing
2020,Georgia,Depository Institution,[Total],16,Terrorist Financing
2020,Idaho,Depository Institution,Known or Suspected Terrorist/Terrorist Organization,3,Terrorist Financing
2020,Idaho,Depository Institution,[Total],3,Terrorist Financing
2020,Illinois,Depository Institution,Known or Suspected Terrorist/Terrorist Organization,23,Terrorist Financing
2020,Illinois,Depository Institution,Other Terrorist,4,Terrorist Financing
2020,Illinois,Depository Institution,[Total],27,Terrorist Financing
2020,Indiana,Depository Institution,Known or Suspected Terrorist/Terrorist Organization,5,Terrorist Financing
2020,Indiana,Depository Institution,Other Terrorist,2,Terrorist Financing
2020,Indiana,Depository Institution,[Total],7,Terrorist Financing
2020,Iowa,Depository Institution,Known or Suspected Terrorist/Terrorist Organization,1,Terrorist Financing
2020,Iowa,Depository Institution,Other Terrorist,2,Terrorist Financing
2020,Iowa,Depository Institution,[Total],3,Terrorist Financing
2020,Kansas,Depository Institution,Known or Suspected Terrorist/Terrorist Organization,4,Terrorist Financing
2020,Kansas,Depository Institution,Other Terrorist,5,Terrorist Financing
2020,Kansas,Depository Institution,[Total],9,Terrorist Financing
2020,Kentucky,Depository Institution,Known or Suspected Terrorist/Terrorist Organization,3,Terrorist Financing
2020,Kentucky,Depository Institution,Other Terrorist,1,Terrorist Financing
2020,Kentucky,Depository Institution,[Total],4,Terrorist Financing
2020,Louisiana,Depository Institution,Other Terrorist,4,Terrorist Financing
2020,Louisiana,Depository Institution,[Total],4,Terrorist Financing
2020,Maine,Depository Institution,Other Terrorist,1,Terrorist Financing
2020,Maine,Depository Institution,[Total],1,Terrorist Financing
2020,Maryland,Depository Institution,Known or Suspected Terrorist/Terrorist Organization,7,Terrorist Financing
2020,Maryland,Depository Institution,Other Terrorist,3,Terrorist Financing
2020,Maryland,Depository Institution,[Total],10,Terrorist Financing
2020,Massachusetts,Depository Institution,Known or Suspected Terrorist/Terrorist Organization,5,Terrorist Financing
2020,Massachusetts,Depository Institution,Other Terrorist,5,Terrorist Financing
2020,Massachusetts,Depository Institution,[Total],10,Terrorist Financing
2020,Michigan,Depository Institution,Known or Suspected Terrorist/Terrorist Organization,11,Terrorist Financing
2020,Michigan,Depository Institution,Other Terrorist,12,Terrorist Financing
2020,Michigan,Depository Institution,[Total],23,Terrorist Financing
2020,Minnesota,Depository Institution,Known or Suspected Terrorist/Terrorist Organization,8,Terrorist Financing
2020,Minnesota,Depository Institution,Other Terrorist,2,Terrorist Financing
2020,Minnesota,Depository Institution,[Total],10,Terrorist Financing
2020,Mississippi,Depository Institution,Known or Suspected Terrorist/Terrorist Organization,5,Terrorist Financing
2020,Mississippi,Depository Institution,Other Terrorist,2,Terrorist Financing
2020,Mississippi,Depository Institution,[Total],7,Terrorist Financing
2020,Missouri,Depository Institution,Known or Suspected Terrorist/Terrorist Organization,1,Terrorist Financing
2020,Missouri,Depository Institution,Other Terrorist,2,Terrorist Financing
2020,Missouri,Depository Institution,[Total],3,Terrorist Financing
2020,Nebraska,Depository Institution,Known or Suspected Terrorist/Terrorist Organization,7,Terrorist Financing
2020,Nebraska,Depository Institution,Other Terrorist,2,Terrorist Financing
2020,Nebraska,Depository Institution,[Total],9,Terrorist Financing
2020,Nevada,Depository Institution,Known or Suspected Terrorist/Terrorist Organization,8,Terrorist Financing
2020,Nevada,Depository Institution,[Total],8,Terrorist Financing
2020,New Hampshire,Depository Institution,Known or Suspected Terrorist/Terrorist Organization,1,Terrorist Financing
2020,New Hampshire,Depository Institution,Other Terrorist,1,Terrorist Financing
2020,New Hampshire,Depository Institution,[Total],2,Terrorist Financing
2020,New Jersey,Depository Institution,Known or Suspected Terrorist/Terrorist Organization,15,Terrorist Financing
2020,New Jersey,Depository Institution,Other Terrorist,5,Terrorist Financing
2020,New Jersey,Depository Institution,[Total],20,Terrorist Financing
2020,New Mexico,Depository Institution,Known or Suspected Terrorist/Terrorist Organization,2,Terrorist Financing
2020,New Mexico,Depository Institution,Other Terrorist,1,Terrorist Financing
2020,New Mexico,Depository Institution,[Total],3,Terrorist Financing
2020,New York,Depository Institution,Known or Suspected Terrorist/Terrorist Organization,50,Terrorist Financing
2020,New York,Depository Institution,Other Terrorist,23,Terrorist Financing
2020,New York,Depository Institution,[Total],73,Terrorist Financing
2020,North Carolina,Depository Institution,Known or Suspected Terrorist/Terrorist Organization,15,Terrorist Financing
2020,North Carolina,Depository Institution,Other Terrorist,6,Terrorist Financing
2020,North Carolina,Depository Institution,[Total],21,Terrorist Financing
2020,North Dakota,Depository Institution,Known or Suspected Terrorist/Terrorist Organization,3,Terrorist Financing
2020,North Dakota,Depository Institution,[Total],3,Terrorist Financing
2020,Ohio,Depository Institution,Known or Suspected Terrorist/Terrorist Organization,48,Terrorist Financing
2020,Ohio,Depository Institution,Other Terrorist,7,Terrorist Financing
2020,Ohio,Depository Institution,[Total],55,Terrorist Financing
2020,Oklahoma,Depository Institution,Known or Suspected Terrorist/Terrorist Organization,2,Terrorist Financing
2020,Oklahoma,Depository Institution,Other Terrorist,3,Terrorist Financing
2020,Oklahoma,Depository Institution,[Total],5,Terrorist Financing
2020,Oregon,Depository Institution,Known or Suspected Terrorist/Terrorist Organization,5,Terrorist Financing
2020,Oregon,Depository Institution,Other Terrorist,1,Terrorist Financing
2020,Oregon,Depository Institution,[Total],6,Terrorist Financing
2020,Pennsylvania,Depository Institution,Known or Suspected Terrorist/Terrorist Organization,12,Terrorist Financing
2020,Pennsylvania,Depository Institution,Other Terrorist,7,Terrorist Financing
2020,Pennsylvania,Depository Institution,[Total],19,Terrorist Financing
2020,Puerto Rico,Depository Institution,Known or Suspected Terrorist/Terrorist Organization,1,Terrorist Financing
2020,Puerto Rico,Depository Institution,[Total],1,Terrorist Financing
2020,South Carolina,Depository Institution,Known or Suspected Terrorist/Terrorist Organization,6,Terrorist Financing
2020,South Carolina,Depository Institution,Other Terrorist,2,Terrorist Financing
2020,South Carolina,Depository Institution,[Total],8,Terrorist Financing
2020,South Dakota,Depository Institution,Known or Suspected Terrorist/Terrorist Organization,16,Terrorist Financing
2020,South Dakota,Depository Institution,Other Terrorist,11,Terrorist Financing
2020,South Dakota,Depository Institution,[Total],27,Terrorist Financing
2020,Tennessee,Depository Institution,Known or Suspected Terrorist/Terrorist Organization,6,Terrorist Financing
2020,Tennessee,Depository Institution,Other Terrorist,4,Terrorist Financing
2020,Tennessee,Depository Institution,[Total],10,Terrorist Financing
2020,Texas,Depository Institution,Known or Suspected Terrorist/Terrorist Organization,35,Terrorist Financing
2020,Texas,Depository Institution,Other Terrorist,17,Terrorist Financing
2020,Texas,Depository Institution,[Total],52,Terrorist Financing
2020,Utah,Depository Institution,Known or Suspected Terrorist/Terrorist Organization,9,Terrorist Financing
2020,Utah,Depository Institution,Other Terrorist,3,Terrorist Financing
2020,Utah,Depository Institution,[Total],12,Terrorist Financing
2020,Virginia,Depository Institution,Known or Suspected Terrorist/Terrorist Organization,13,Terrorist Financing
2020,Virginia,Depository Institution,Other Terrorist,10,Terrorist Financing
2020,Virginia,Depository Institution,[Total],23,Terrorist Financing
2020,Washington,Depository Institution,Known or Suspected Terrorist/Terrorist Organization,15,Terrorist Financing
2020,Washington,Depository Institution,Other Terrorist,1,Terrorist Financing
2020,Washington,Depository Institution,[Total],16,Terrorist Financing
2020,West Virginia,Depository Institution,Known or Suspected Terrorist/Terrorist Organization,2,Terrorist Financing
2020,West Virginia,Depository Institution,Other Terrorist,1,Terrorist Financing
2020,West Virginia,Depository Institution,[Total],3,Terrorist Financing
2020,Wisconsin,Depository Institution,Known or Suspected Terrorist/Terrorist Organization,7,Terrorist Financing
2020,Wisconsin,Depository Institution,Other Terrorist,4,Terrorist Financing
2020,Wisconsin,Depository Institution,[Total],11,Terrorist Financing
2020,[Total],Depository Institution,[Total],699,Terrorist Financing
All Years [Total],[Total],Depository Institution,[Total],699,Terrorist Financing
